time,leverL,nose,threshold,horizontal,vertical
1470695838.19,516,0,600,10,13.5
1470695838.21,516,0,600,10,13.5
1470695838.23,515,0,600,10,13.5
1470695838.24,515,0,600,10,13.5
1470695838.26,515,0,600,10,13.5
1470695838.28,515,0,600,10,13.5
1470695838.29,515,0,600,10,13.5
1470695838.31,515,0,600,10,13.5
1470695838.33,515,0,600,10,13.5
1470695838.34,515,0,600,10,13.5
1470695838.36,515,0,600,10,13.5
1470695838.37,515,0,600,10,13.5
1470695838.39,515,0,600,10,13.5
1470695838.41,515,0,600,10,13.5
1470695838.42,515,0,600,10,13.5
1470695838.44,515,0,600,10,13.5
1470695838.46,515,0,600,10,13.5
1470695838.47,516,0,600,10,13.5
1470695838.49,517,0,600,10,13.5
1470695838.51,516,0,600,10,13.5
1470695838.52,515,0,600,10,13.5
1470695838.54,516,0,600,10,13.5
1470695838.56,515,0,600,10,13.5
1470695838.57,515,0,600,10,13.5
1470695838.59,515,0,600,10,13.5
1470695838.6,515,0,600,10,13.5
1470695838.62,515,0,600,10,13.5
1470695838.64,515,0,600,10,13.5
1470695838.65,515,0,600,10,13.5
1470695838.67,509,0,600,10,13.5
1470695838.69,516,0,600,10,13.5
1470695838.7,515,0,600,10,13.5
1470695838.72,517,0,600,10,13.5
1470695838.74,515,0,600,10,13.5
1470695838.75,516,0,600,10,13.5
1470695838.77,516,0,600,10,13.5
1470695838.78,515,0,600,10,13.5
1470695838.8,516,0,600,10,13.5
1470695838.82,515,0,600,10,13.5
1470695838.83,516,0,600,10,13.5
1470695838.85,520,0,600,10,13.5
1470695838.87,515,0,600,10,13.5
1470695838.88,516,0,600,10,13.5
1470695838.9,516,0,600,10,13.5
1470695838.92,516,0,600,10,13.5
1470695838.93,516,0,600,10,13.5
1470695838.95,516,0,600,10,13.5
1470695838.96,516,0,600,10,13.5
1470695838.98,516,0,600,10,13.5
1470695839.0,516,0,600,10,13.5
1470695839.01,517,0,600,10,13.5
1470695839.03,520,0,600,10,13.5
1470695839.05,516,0,600,10,13.5
1470695839.06,516,0,600,10,13.5
1470695839.08,516,0,600,10,13.5
1470695839.1,516,0,600,10,13.5
1470695839.11,516,0,600,10,13.5
1470695839.13,516,0,600,10,13.5
1470695839.14,516,0,600,10,13.5
1470695839.16,516,0,600,10,13.5
1470695839.18,516,0,600,10,13.5
1470695839.19,516,0,600,10,13.5
1470695839.21,517,0,600,10,13.5
1470695839.23,517,0,600,10,13.5
1470695839.24,516,0,600,10,13.5
1470695839.26,516,0,600,10,13.5
1470695839.28,516,0,600,10,13.5
1470695839.29,516,0,600,10,13.5
1470695839.31,516,0,600,10,13.5
1470695839.33,516,0,600,10,13.5
1470695839.34,516,0,600,10,13.5
1470695839.36,516,0,600,10,13.5
1470695839.37,517,0,600,10,13.5
1470695839.39,519,0,600,10,13.5
1470695839.41,516,0,600,10,13.5
1470695839.42,516,0,600,10,13.5
1470695839.44,516,0,600,10,13.5
1470695839.46,516,0,600,10,13.5
1470695839.47,516,0,600,10,13.5
1470695839.49,517,0,600,10,13.5
1470695839.51,516,0,600,10,13.5
1470695839.52,516,0,600,10,13.5
1470695839.54,516,0,600,10,13.5
1470695839.55,516,0,600,10,13.5
1470695839.57,515,0,600,10,13.5
1470695839.59,516,0,600,10,13.5
1470695839.6,517,0,600,10,13.5
1470695839.62,516,0,600,10,13.5
1470695839.64,516,0,600,10,13.5
1470695839.65,516,0,600,10,13.5
1470695839.67,517,0,600,10,13.5
1470695839.69,516,0,600,10,13.5
1470695839.7,516,0,600,10,13.5
1470695839.72,516,0,600,10,13.5
1470695839.73,516,0,600,10,13.5
1470695839.75,516,0,600,10,13.5
1470695839.77,518,0,600,10,13.5
1470695839.78,517,0,600,10,13.5
1470695839.8,516,0,600,10,13.5
1470695839.82,516,0,600,10,13.5
1470695839.83,516,0,600,10,13.5
1470695839.85,516,0,600,10,13.5
1470695839.87,516,0,600,10,13.5
1470695839.88,516,0,600,10,13.5
1470695839.9,516,0,600,10,13.5
1470695839.91,516,0,600,10,13.5
1470695839.93,516,0,600,10,13.5
1470695839.95,520,0,600,10,13.5
1470695839.96,516,0,600,10,13.5
1470695839.98,516,0,600,10,13.5
1470695840.0,516,0,600,10,13.5
1470695840.01,516,0,600,10,13.5
1470695840.03,516,0,600,10,13.5
1470695840.05,517,0,600,10,13.5
1470695840.06,516,0,600,10,13.5
1470695840.08,516,0,600,10,13.5
1470695840.1,516,0,600,10,13.5
1470695840.11,516,0,600,10,13.5
1470695840.13,514,0,600,10,13.5
1470695840.14,516,0,600,10,13.5
1470695840.16,516,0,600,10,13.5
1470695840.18,516,0,600,10,13.5
1470695840.19,516,0,600,10,13.5
1470695840.21,516,0,600,10,13.5
1470695840.23,516,0,600,10,13.5
1470695840.24,516,0,600,10,13.5
1470695840.26,516,0,600,10,13.5
1470695840.28,516,0,600,10,13.5
1470695840.29,516,0,600,10,13.5
1470695840.31,516,0,600,10,13.5
1470695840.33,518,0,600,10,13.5
1470695840.34,516,0,600,10,13.5
1470695840.36,515,0,600,10,13.5
1470695840.37,516,0,600,10,13.5
1470695840.39,515,0,600,10,13.5
1470695840.41,516,0,600,10,13.5
1470695840.42,516,0,600,10,13.5
1470695840.44,516,0,600,10,13.5
1470695840.46,516,0,600,10,13.5
1470695840.47,516,0,600,10,13.5
1470695840.49,518,0,600,10,13.5
1470695840.51,516,0,600,10,13.5
1470695840.52,516,0,600,10,13.5
1470695840.54,516,0,600,10,13.5
1470695840.56,516,0,600,10,13.5
1470695840.57,516,0,600,10,13.5
1470695840.59,516,0,600,10,13.5
1470695840.6,516,0,600,10,13.5
1470695840.62,516,0,600,10,13.5
1470695840.64,516,0,600,10,13.5
1470695840.65,516,0,600,10,13.5
1470695840.67,516,0,600,10,13.5
1470695840.69,516,0,600,10,13.5
1470695840.7,515,0,600,10,13.5
1470695840.72,520,0,600,10,13.5
1470695840.74,517,0,600,10,13.5
1470695840.75,516,0,600,10,13.5
1470695840.77,516,0,600,10,13.5
1470695840.79,516,0,600,10,13.5
1470695840.8,516,0,600,10,13.5
1470695840.82,516,0,600,10,13.5
1470695840.84,516,0,600,10,13.5
1470695840.85,516,0,600,10,13.5
1470695840.87,516,0,600,10,13.5
1470695840.89,516,0,600,10,13.5
1470695840.9,517,0,600,10,13.5
1470695840.92,519,0,600,10,13.5
1470695840.94,516,0,600,10,13.5
1470695840.95,516,0,600,10,13.5
1470695840.97,516,0,600,10,13.5
1470695840.99,516,0,600,10,13.5
1470695841.0,516,0,600,10,13.5
1470695841.02,516,0,600,10,13.5
1470695841.04,516,0,600,10,13.5
1470695841.05,516,0,600,10,13.5
1470695841.07,516,0,600,10,13.5
1470695841.09,516,0,600,10,13.5
1470695841.1,516,0,600,10,13.5
1470695841.12,516,0,600,10,13.5
1470695841.14,516,0,600,10,13.5
1470695841.15,516,0,600,10,13.5
1470695841.17,516,0,600,10,13.5
1470695841.18,516,0,600,10,13.5
1470695841.2,517,0,600,10,13.5
1470695841.22,517,0,600,10,13.5
1470695841.23,516,0,600,10,13.5
1470695841.25,516,0,600,10,13.5
1470695841.27,516,0,600,10,13.5
1470695841.28,516,0,600,10,13.5
1470695841.3,516,0,600,10,13.5
1470695841.32,517,0,600,10,13.5
1470695841.33,518,0,600,10,13.5
1470695841.35,520,0,600,10,13.5
1470695841.37,516,0,600,10,13.5
1470695841.38,516,0,600,10,13.5
1470695841.4,516,0,600,10,13.5
1470695841.42,516,0,600,10,13.5
1470695841.43,516,0,600,10,13.5
1470695841.45,516,0,600,10,13.5
1470695841.47,516,0,600,10,13.5
1470695841.48,516,0,600,10,13.5
1470695841.5,516,0,600,10,13.5
1470695841.52,516,0,600,10,13.5
1470695841.53,512,0,600,10,13.5
1470695841.55,515,0,600,10,13.5
1470695841.57,516,0,600,10,13.5
1470695841.58,517,0,600,10,13.5
1470695841.6,516,0,600,10,13.5
1470695841.62,516,0,600,10,13.5
1470695841.63,516,0,600,10,13.5
1470695841.65,516,0,600,10,13.5
1470695841.67,516,0,600,10,13.5
1470695841.68,516,0,600,10,13.5
1470695841.7,516,0,600,10,13.5
1470695841.72,516,0,600,10,13.5
1470695841.73,516,0,600,10,13.5
1470695841.75,512,0,600,10,13.5
1470695841.76,512,0,600,10,13.5
1470695841.78,516,0,600,10,13.5
1470695841.8,517,0,600,10,13.5
1470695841.81,516,0,600,10,13.5
1470695841.83,516,0,600,10,13.5
1470695841.85,516,0,600,10,13.5
1470695841.86,517,0,600,10,13.5
1470695841.88,516,0,600,10,13.5
1470695841.9,517,0,600,10,13.5
1470695841.91,516,0,600,10,13.5
1470695841.93,516,0,600,10,13.5
1470695841.95,517,0,600,10,13.5
1470695841.96,519,0,600,10,13.5
1470695841.98,516,0,600,10,13.5
1470695842.0,516,0,600,10,13.5
1470695842.01,516,0,600,10,13.5
1470695842.03,516,0,600,10,13.5
1470695842.05,516,0,600,10,13.5
1470695842.06,516,0,600,10,13.5
1470695842.08,516,0,600,10,13.5
1470695842.1,516,0,600,10,13.5
1470695842.11,517,0,600,10,13.5
1470695842.13,516,0,600,10,13.5
1470695842.15,516,0,600,10,13.5
1470695842.16,516,0,600,10,13.5
1470695842.18,516,0,600,10,13.5
1470695842.2,516,0,600,10,13.5
1470695842.21,516,0,600,10,13.5
1470695842.23,516,0,600,10,13.5
1470695842.25,516,0,600,10,13.5
1470695842.26,516,0,600,10,13.5
1470695842.28,516,0,600,10,13.5
1470695842.3,516,0,600,10,13.5
1470695842.31,516,0,600,10,13.5
1470695842.33,517,0,600,10,13.5
1470695842.34,517,0,600,10,13.5
1470695842.36,516,0,600,10,13.5
1470695842.38,517,0,600,10,13.5
1470695842.39,516,0,600,10,13.5
1470695842.41,516,0,600,10,13.5
1470695842.43,516,0,600,10,13.5
1470695842.44,516,0,600,10,13.5
1470695842.46,516,0,600,10,13.5
1470695842.48,516,0,600,10,13.5
1470695842.49,516,0,600,10,13.5
1470695842.51,516,0,600,10,13.5
1470695842.53,516,0,600,10,13.5
1470695842.54,517,0,600,10,13.5
1470695842.56,516,0,600,10,13.5
1470695842.58,519,0,600,10,13.5
1470695842.59,517,0,600,10,13.5
1470695842.61,517,0,600,10,13.5
1470695842.63,517,0,600,10,13.5
1470695842.64,516,0,600,10,13.5
1470695842.66,516,0,600,10,13.5
1470695842.68,516,0,600,10,13.5
1470695842.69,516,0,600,10,13.5
1470695842.71,516,0,600,10,13.5
1470695842.73,516,0,600,10,13.5
1470695842.74,516,0,600,10,13.5
1470695842.76,516,0,600,10,13.5
1470695842.78,516,0,600,10,13.5
1470695842.79,516,0,600,10,13.5
1470695842.81,513,0,600,10,13.5
1470695842.83,516,0,600,10,13.5
1470695842.84,517,0,600,10,13.5
1470695842.86,516,0,600,10,13.5
1470695842.88,516,0,600,10,13.5
1470695842.89,516,0,600,10,13.5
1470695842.91,517,0,600,10,13.5
1470695842.93,516,0,600,10,13.5
1470695842.94,516,0,600,10,13.5
1470695842.96,516,0,600,10,13.5
1470695842.98,516,0,600,10,13.5
1470695842.99,516,0,600,10,13.5
1470695843.01,516,0,600,10,13.5
1470695843.03,516,0,600,10,13.5
1470695843.04,516,0,600,10,13.5
1470695843.06,516,0,600,10,13.5
1470695843.07,516,0,600,10,13.5
1470695843.09,516,0,600,10,13.5
1470695843.11,516,0,600,10,13.5
1470695843.12,516,0,600,10,13.5
1470695843.14,516,0,600,10,13.5
1470695843.16,516,0,600,10,13.5
1470695843.17,517,0,600,10,13.5
1470695843.19,516,0,600,10,13.5
1470695843.21,516,0,600,10,13.5
1470695843.22,520,0,600,10,13.5
1470695843.24,516,0,600,10,13.5
1470695843.26,516,0,600,10,13.5
1470695843.27,516,0,600,10,13.5
1470695843.29,516,0,600,10,13.5
1470695843.31,516,0,600,10,13.5
1470695843.32,515,0,600,10,13.5
1470695843.34,515,0,600,10,13.5
1470695843.36,515,0,600,10,13.5
1470695843.37,516,0,600,10,13.5
1470695843.39,515,0,600,10,13.5
1470695843.41,516,0,600,10,13.5
1470695843.42,515,0,600,10,13.5
1470695843.44,517,0,600,10,13.5
1470695843.46,519,0,600,10,13.5
1470695843.47,517,0,600,10,13.5
1470695843.49,517,0,600,10,13.5
1470695843.51,517,0,600,10,13.5
1470695843.52,517,0,600,10,13.5
1470695843.54,517,0,600,10,13.5
1470695843.56,517,0,600,10,13.5
1470695843.57,517,0,600,10,13.5
1470695843.59,517,0,600,10,13.5
1470695843.61,517,0,600,10,13.5
1470695843.62,517,0,600,10,13.5
1470695843.64,517,0,600,10,13.5
1470695843.66,519,0,600,10,13.5
1470695843.67,517,0,600,10,13.5
1470695843.69,516,0,600,10,13.5
1470695843.71,517,0,600,10,13.5
1470695843.72,516,0,600,10,13.5
1470695843.74,517,0,600,10,13.5
1470695843.76,517,0,600,10,13.5
1470695843.77,516,0,600,10,13.5
1470695843.79,517,0,600,10,13.5
1470695843.81,517,0,600,10,13.5
1470695843.82,517,0,600,10,13.5
1470695843.84,517,0,600,10,13.5
1470695843.85,517,0,600,10,13.5
1470695843.87,517,0,600,10,13.5
1470695843.89,517,0,600,10,13.5
1470695843.9,517,0,600,10,13.5
1470695843.92,517,0,600,10,13.5
1470695843.94,517,0,600,10,13.5
1470695843.95,517,0,600,10,13.5
1470695843.97,517,0,600,10,13.5
1470695843.99,517,0,600,10,13.5
1470695844.0,517,0,600,10,13.5
1470695844.02,516,0,600,10,13.5
1470695844.04,517,0,600,10,13.5
1470695844.05,516,0,600,10,13.5
1470695844.07,516,0,600,10,13.5
1470695844.09,519,0,600,10,13.5
1470695844.1,517,0,600,10,13.5
1470695844.12,517,0,600,10,13.5
1470695844.14,517,0,600,10,13.5
1470695844.15,517,0,600,10,13.5
1470695844.17,516,0,600,10,13.5
1470695844.19,516,0,600,10,13.5
1470695844.2,517,0,600,10,13.5
1470695844.22,517,0,600,10,13.5
1470695844.24,516,0,600,10,13.5
1470695844.25,517,0,600,10,13.5
1470695844.27,517,0,600,10,13.5
1470695844.29,516,0,600,10,13.5
1470695844.3,517,0,600,10,13.5
1470695844.32,517,0,600,10,13.5
1470695844.34,517,0,600,10,13.5
1470695844.35,517,0,600,10,13.5
1470695844.37,517,0,600,10,13.5
1470695844.39,517,0,600,10,13.5
1470695844.4,517,0,600,10,13.5
1470695844.42,517,0,600,10,13.5
1470695844.43,516,0,600,10,13.5
1470695844.45,517,0,600,10,13.5
1470695844.47,517,0,600,10,13.5
1470695844.48,521,0,600,10,13.5
1470695844.5,516,0,600,10,13.5
1470695844.52,516,0,600,10,13.5
1470695844.53,516,0,600,10,13.5
1470695844.55,517,0,600,10,13.5
1470695844.57,517,0,600,10,13.5
1470695844.58,517,0,600,10,13.5
1470695844.6,517,0,600,10,13.5
1470695844.62,517,0,600,10,13.5
1470695844.63,517,0,600,10,13.5
1470695844.65,517,0,600,10,13.5
1470695844.67,516,0,600,10,13.5
1470695844.68,517,0,600,10,13.5
1470695844.7,519,0,600,10,13.5
1470695844.72,517,0,600,10,13.5
1470695844.73,517,0,600,10,13.5
1470695844.75,516,0,600,10,13.5
1470695844.77,517,0,600,10,13.5
1470695844.78,517,0,600,10,13.5
1470695844.8,517,0,600,10,13.5
1470695844.82,516,0,600,10,13.5
1470695844.83,517,0,600,10,13.5
1470695844.85,517,0,600,10,13.5
1470695844.87,517,0,600,10,13.5
1470695844.88,517,0,600,10,13.5
1470695844.9,517,0,600,10,13.5
1470695844.92,517,0,600,10,13.5
1470695844.93,517,0,600,10,13.5
1470695844.95,517,0,600,10,13.5
1470695844.96,517,0,600,10,13.5
1470695844.98,517,0,600,10,13.5
1470695845.0,517,0,600,10,13.5
1470695845.01,517,0,600,10,13.5
1470695845.03,517,0,600,10,13.5
1470695845.05,516,0,600,10,13.5
1470695845.06,517,0,600,10,13.5
1470695845.08,516,0,600,10,13.5
1470695845.1,516,0,600,10,13.5
1470695845.11,516,0,600,10,13.5
1470695845.13,516,0,600,10,13.5
1470695845.15,517,0,600,10,13.5
1470695845.16,517,0,600,10,13.5
1470695845.18,517,0,600,10,13.5
1470695845.2,516,0,600,10,13.5
1470695845.21,517,0,600,10,13.5
1470695845.23,517,0,600,10,13.5
1470695845.25,517,0,600,10,13.5
1470695845.26,517,0,600,10,13.5
1470695845.28,517,0,600,10,13.5
1470695845.3,516,0,600,10,13.5
1470695845.31,517,0,600,10,13.5
1470695845.33,520,0,600,10,13.5
1470695845.35,516,0,600,10,13.5
1470695845.36,516,0,600,10,13.5
1470695845.38,516,0,600,10,13.5
1470695845.4,516,0,600,10,13.5
1470695845.41,516,0,600,10,13.5
1470695845.43,517,0,600,10,13.5
1470695845.45,516,0,600,10,13.5
1470695845.46,516,0,600,10,13.5
1470695845.48,516,0,600,10,13.5
1470695845.49,516,0,600,10,13.5
1470695845.51,517,0,600,10,13.5
1470695845.53,519,0,600,10,13.5
1470695845.54,517,0,600,10,13.5
1470695845.56,517,0,600,10,13.5
1470695845.58,517,0,600,10,13.5
1470695845.59,516,0,600,10,13.5
1470695845.61,517,0,600,10,13.5
1470695845.63,517,0,600,10,13.5
1470695845.64,517,0,600,10,13.5
1470695845.66,517,0,600,10,13.5
1470695845.68,517,0,600,10,13.5
1470695845.69,516,0,600,10,13.5
1470695845.71,517,0,600,10,13.5
1470695845.73,517,0,600,10,13.5
1470695845.74,516,0,600,10,13.5
1470695845.76,517,0,600,10,13.5
1470695845.78,516,0,600,10,13.5
1470695845.79,516,0,600,10,13.5
1470695845.81,517,0,600,10,13.5
1470695845.83,517,0,600,10,13.5
1470695845.84,516,0,600,10,13.5
1470695845.86,517,0,600,10,13.5
1470695845.88,517,0,600,10,13.5
1470695845.89,517,0,600,10,13.5
1470695845.91,517,0,600,10,13.5
1470695845.93,516,0,600,10,13.5
1470695845.94,519,0,600,10,13.5
1470695845.96,517,0,600,10,13.5
1470695845.98,516,0,600,10,13.5
1470695845.99,517,0,600,10,13.5
1470695846.01,517,0,600,10,13.5
1470695846.03,517,0,600,10,13.5
1470695846.04,517,0,600,10,13.5
1470695846.06,517,0,600,10,13.5
1470695846.07,517,0,600,10,13.5
1470695846.09,517,0,600,10,13.5
1470695846.11,517,0,600,10,13.5
1470695846.12,517,0,600,10,13.5
1470695846.14,512,0,600,10,13.5
1470695846.16,521,0,600,10,13.5
1470695846.17,517,0,600,10,13.5
1470695846.19,517,0,600,10,13.5
1470695846.21,517,0,600,10,13.5
1470695846.22,517,0,600,10,13.5
1470695846.24,517,0,600,10,13.5
1470695846.26,516,0,600,10,13.5
1470695846.27,517,0,600,10,13.5
1470695846.29,517,0,600,10,13.5
1470695846.31,517,0,600,10,13.5
1470695846.32,517,0,600,10,13.5
1470695846.34,517,0,600,10,13.5
1470695846.36,517,0,600,10,13.5
1470695846.37,517,0,600,10,13.5
1470695846.39,517,0,600,10,13.5
1470695846.41,517,0,600,10,13.5
1470695846.42,516,0,600,10,13.5
1470695846.44,517,0,600,10,13.5
1470695846.46,517,0,600,10,13.5
1470695846.47,517,0,600,10,13.5
1470695846.49,517,0,600,10,13.5
1470695846.51,517,0,600,10,13.5
1470695846.52,517,0,600,10,13.5
1470695846.54,517,0,600,10,13.5
1470695846.56,517,0,600,10,13.5
1470695846.57,512,0,600,10,13.5
1470695846.59,516,0,600,10,13.5
1470695846.61,517,0,600,10,13.5
1470695846.62,517,0,600,10,13.5
1470695846.64,517,0,600,10,13.5
1470695846.66,517,0,600,10,13.5
1470695846.67,517,0,600,10,13.5
1470695846.69,517,0,600,10,13.5
1470695846.71,517,0,600,10,13.5
1470695846.72,517,0,600,10,13.5
1470695846.74,517,0,600,10,13.5
1470695846.76,517,0,600,10,13.5
1470695846.77,517,0,600,10,13.5
1470695846.79,518,0,600,10,13.5
1470695846.81,516,0,600,10,13.5
1470695846.82,517,0,600,10,13.5
1470695846.84,517,0,600,10,13.5
1470695846.86,516,0,600,10,13.5
1470695846.87,516,0,600,10,13.5
1470695846.89,517,0,600,10,13.5
1470695846.9,516,0,600,10,13.5
1470695846.92,517,0,600,10,13.5
1470695846.94,517,0,600,10,13.5
1470695846.95,517,0,600,10,13.5
1470695846.97,517,0,600,10,13.5
1470695846.99,516,0,600,10,13.5
1470695847.0,513,0,600,10,13.5
1470695847.02,517,0,600,10,13.5
1470695847.04,517,0,600,10,13.5
1470695847.05,517,0,600,10,13.5
1470695847.07,517,0,600,10,13.5
1470695847.09,517,0,600,10,13.5
1470695847.1,516,0,600,10,13.5
1470695847.12,517,0,600,10,13.5
1470695847.14,517,0,600,10,13.5
1470695847.15,517,0,600,10,13.5
1470695847.17,517,0,600,10,13.5
1470695847.19,517,0,600,10,13.5
1470695847.2,516,0,600,10,13.5
1470695847.22,515,0,600,10,13.5
1470695847.24,517,0,600,10,13.5
1470695847.25,517,0,600,10,13.5
1470695847.27,516,0,600,10,13.5
1470695847.29,516,0,600,10,13.5
1470695847.3,516,0,600,10,13.5
1470695847.32,517,0,600,10,13.5
1470695847.34,516,0,600,10,13.5
1470695847.35,517,0,600,10,13.5
1470695847.37,516,0,600,10,13.5
1470695847.39,517,0,600,10,13.5
1470695847.4,517,0,600,10,13.5
1470695847.42,519,0,600,10,13.5
1470695847.44,515,0,600,10,13.5
1470695847.45,516,0,600,10,13.5
1470695847.47,517,0,600,10,13.5
1470695847.49,517,0,600,10,13.5
1470695847.5,517,0,600,10,13.5
1470695847.52,517,0,600,10,13.5
1470695847.53,517,0,600,10,13.5
1470695847.55,517,0,600,10,13.5
1470695847.57,517,0,600,10,13.5
1470695847.58,517,0,600,10,13.5
1470695847.6,517,0,600,10,13.5
1470695847.62,517,0,600,10,13.5
1470695847.63,519,0,600,10,13.5
1470695847.65,517,0,600,10,13.5
1470695847.67,516,0,600,10,13.5
1470695847.68,517,0,600,10,13.5
1470695847.7,517,0,600,10,13.5
1470695847.72,517,0,600,10,13.5
1470695847.73,517,0,600,10,13.5
1470695847.75,517,0,600,10,13.5
1470695847.77,517,0,600,10,13.5
1470695847.78,516,0,600,10,13.5
1470695847.8,516,0,600,10,13.5
1470695847.82,517,0,600,10,13.5
1470695847.83,517,0,600,10,13.5
1470695847.85,517,0,600,10,13.5
1470695847.87,517,0,600,10,13.5
1470695847.88,517,0,600,10,13.5
1470695847.9,517,0,600,10,13.5
1470695847.92,517,0,600,10,13.5
1470695847.93,516,0,600,10,13.5
1470695847.95,517,0,600,10,13.5
1470695847.97,516,0,600,10,13.5
1470695847.98,517,0,600,10,13.5
1470695848.0,516,0,600,10,13.5
1470695848.02,516,0,600,10,13.5
1470695848.03,517,0,600,10,13.5
1470695848.05,514,0,600,10,13.5
1470695848.06,517,0,600,10,13.5
1470695848.08,517,0,600,10,13.5
1470695848.1,516,0,600,10,13.5
1470695848.11,516,0,600,10,13.5
1470695848.13,516,0,600,10,13.5
1470695848.15,517,0,600,10,13.5
1470695848.16,517,0,600,10,13.5
1470695848.18,517,0,600,10,13.5
1470695848.2,517,0,600,10,13.5
1470695848.21,517,0,600,10,13.5
1470695848.23,517,0,600,10,13.5
1470695848.25,517,0,600,10,13.5
1470695848.26,520,0,600,10,13.5
1470695848.28,517,0,600,10,13.5
1470695848.3,516,0,600,10,13.5
1470695848.31,517,0,600,10,13.5
1470695848.33,517,0,600,10,13.5
1470695848.35,516,0,600,10,13.5
1470695848.36,516,0,600,10,13.5
1470695848.38,517,0,600,10,13.5
1470695848.4,517,0,600,10,13.5
1470695848.41,517,0,600,10,13.5
1470695848.43,516,0,600,10,13.5
1470695848.45,517,0,600,10,13.5
1470695848.46,516,0,600,10,13.5
1470695848.48,518,0,600,10,13.5
1470695848.5,517,0,600,10,13.5
1470695848.51,518,0,600,10,13.5
1470695848.53,516,0,600,10,13.5
1470695848.55,517,0,600,10,13.5
1470695848.56,517,0,600,10,13.5
1470695848.58,517,0,600,10,13.5
1470695848.6,517,0,600,10,13.5
1470695848.61,517,0,600,10,13.5
1470695848.63,517,0,600,10,13.5
1470695848.65,517,0,600,10,13.5
1470695848.66,517,0,600,10,13.5
1470695848.68,517,0,600,10,13.5
1470695848.7,516,0,600,10,13.5
1470695848.71,517,0,600,10,13.5
1470695848.73,517,0,600,10,13.5
1470695848.74,517,0,600,10,13.5
1470695848.76,517,0,600,10,13.5
1470695848.78,517,0,600,10,13.5
1470695848.79,517,0,600,10,13.5
1470695848.81,516,0,600,10,13.5
1470695848.83,517,0,600,10,13.5
1470695848.84,516,0,600,10,13.5
1470695848.86,512,0,600,10,13.5
1470695848.88,516,0,600,10,13.5
1470695848.89,521,0,600,10,13.5
1470695848.91,517,0,600,10,13.5
1470695848.93,516,0,600,10,13.5
1470695848.94,517,0,600,10,13.5
1470695848.96,516,0,600,10,13.5
1470695848.98,517,0,600,10,13.5
1470695848.99,517,0,600,10,13.5
1470695849.01,517,0,600,10,13.5
1470695849.03,517,0,600,10,13.5
1470695849.04,517,0,600,10,13.5
1470695849.06,517,0,600,10,13.5
1470695849.08,517,0,600,10,13.5
1470695849.09,519,0,600,10,13.5
1470695849.11,516,0,600,10,13.5
1470695849.12,516,0,600,10,13.5
1470695849.14,516,0,600,10,13.5
1470695849.16,516,0,600,10,13.5
1470695849.17,516,0,600,10,13.5
1470695849.19,516,0,600,10,13.5
1470695849.21,517,0,600,10,13.5
1470695849.22,516,0,600,10,13.5
1470695849.24,517,0,600,10,13.5
1470695849.26,516,0,600,10,13.5
1470695849.27,517,0,600,10,13.5
1470695849.29,516,0,600,10,13.5
1470695849.31,517,0,600,10,13.5
1470695849.32,517,0,600,10,13.5
1470695849.34,516,0,600,10,13.5
1470695849.35,517,0,600,10,13.5
1470695849.37,517,0,600,10,13.5
1470695849.39,516,0,600,10,13.5
1470695849.4,517,0,600,10,13.5
1470695849.42,517,0,600,10,13.5
1470695849.44,516,0,600,10,13.5
1470695849.45,516,0,600,10,13.5
1470695849.47,516,0,600,10,13.5
1470695849.49,517,0,600,10,13.5
1470695849.5,517,0,600,10,13.5
1470695849.52,517,0,600,10,13.5
1470695849.53,517,0,600,10,13.5
1470695849.55,517,0,600,10,13.5
1470695849.57,516,0,600,10,13.5
1470695849.58,517,0,600,10,13.5
1470695849.6,517,0,600,10,13.5
1470695849.62,517,0,600,10,13.5
1470695849.63,516,0,600,10,13.5
1470695849.65,520,0,600,10,13.5
1470695849.67,516,0,600,10,13.5
1470695849.68,516,0,600,10,13.5
1470695849.7,517,0,600,10,13.5
1470695849.72,517,0,600,10,13.5
1470695849.73,517,0,600,10,13.5
1470695849.75,517,0,600,10,13.5
1470695849.76,516,0,600,10,13.5
1470695849.78,517,0,600,10,13.5
1470695849.8,517,0,600,10,13.5
1470695849.81,517,0,600,10,13.5
1470695849.83,515,0,600,10,13.5
1470695849.85,516,0,600,10,13.5
1470695849.86,516,0,600,10,13.5
1470695849.88,517,0,600,10,13.5
1470695849.9,517,0,600,10,13.5
1470695849.91,517,0,600,10,13.5
1470695849.93,517,0,600,10,13.5
1470695849.94,517,0,600,10,13.5
1470695849.96,516,0,600,10,13.5
1470695849.98,517,0,600,10,13.5
1470695849.99,517,0,600,10,13.5
1470695850.01,519,0,600,10,13.5
1470695850.03,517,0,600,10,13.5
1470695850.04,517,0,600,10,13.5
1470695850.06,516,0,600,10,13.5
1470695850.08,517,0,600,10,13.5
1470695850.09,517,0,600,10,13.5
1470695850.11,517,0,600,10,13.5
1470695850.12,517,0,600,10,13.5
1470695850.14,517,0,600,10,13.5
1470695850.16,517,0,600,10,13.5
1470695850.17,517,0,600,10,13.5
1470695850.19,516,0,600,10,13.5
1470695850.21,516,0,600,10,13.5
1470695850.22,516,0,600,10,13.5
1470695850.24,516,0,600,10,13.5
1470695850.26,517,0,600,10,13.5
1470695850.27,516,0,600,10,13.5
1470695850.29,516,0,600,10,13.5
1470695850.3,516,0,600,10,13.5
1470695850.32,516,0,600,10,13.5
1470695850.34,517,0,600,10,13.5
1470695850.35,517,0,600,10,13.5
1470695850.37,509,0,600,10,13.5
1470695850.39,517,0,600,10,13.5
1470695850.4,516,0,600,10,13.5
1470695850.42,516,0,600,10,13.5
1470695850.44,517,0,600,10,13.5
1470695850.45,517,0,600,10,13.5
1470695850.47,517,0,600,10,13.5
1470695850.49,517,0,600,10,13.5
1470695850.5,517,0,600,10,13.5
1470695850.52,516,0,600,10,13.5
1470695850.53,516,0,600,10,13.5
1470695850.55,516,0,600,10,13.5
1470695850.57,516,0,600,10,13.5
1470695850.58,517,0,600,10,13.5
1470695850.6,517,0,600,10,13.5
1470695850.62,517,0,600,10,13.5
1470695850.63,517,0,600,10,13.5
1470695850.65,516,0,600,10,13.5
1470695850.67,517,0,600,10,13.5
1470695850.68,517,0,600,10,13.5
1470695850.7,516,0,600,10,13.5
1470695850.71,517,0,600,10,13.5
1470695850.73,516,0,600,10,13.5
1470695850.75,521,0,600,10,13.5
1470695850.76,516,0,600,10,13.5
1470695850.78,517,0,600,10,13.5
1470695850.8,517,0,600,10,13.5
1470695850.81,517,0,600,10,13.5
1470695850.83,517,0,600,10,13.5
1470695850.85,517,0,600,10,13.5
1470695850.86,517,0,600,10,13.5
1470695850.88,516,0,600,10,13.5
1470695850.9,517,0,600,10,13.5
1470695850.91,517,0,600,10,13.5
1470695850.93,516,0,600,10,13.5
1470695850.95,515,0,600,10,13.5
1470695850.96,517,0,600,10,13.5
1470695850.98,517,0,600,10,13.5
1470695851.0,517,0,600,10,13.5
1470695851.01,517,0,600,10,13.5
1470695851.03,517,0,600,10,13.5
1470695851.05,517,0,600,10,13.5
1470695851.06,517,0,600,10,13.5
1470695851.08,517,0,600,10,13.5
1470695851.1,517,0,600,10,13.5
1470695851.11,516,0,600,10,13.5
1470695851.13,517,0,600,10,13.5
1470695851.15,516,0,600,10,13.5
1470695851.16,516,0,600,10,13.5
1470695851.18,517,0,600,10,13.5
1470695851.19,516,0,600,10,13.5
1470695851.21,517,0,600,10,13.5
1470695851.23,517,0,600,10,13.5
1470695851.24,517,0,600,10,13.5
1470695851.26,516,0,600,10,13.5
1470695851.28,516,0,600,10,13.5
1470695851.29,517,0,600,10,13.5
1470695851.31,517,0,600,10,13.5
1470695851.33,517,0,600,10,13.5
1470695851.34,517,0,600,10,13.5
1470695851.36,519,0,600,10,13.5
1470695851.38,514,0,600,10,13.5
1470695851.39,516,0,600,10,13.5
1470695851.41,517,0,600,10,13.5
1470695851.43,517,0,600,10,13.5
1470695851.44,517,0,600,10,13.5
1470695851.46,517,0,600,10,13.5
1470695851.48,516,0,600,10,13.5
1470695851.49,517,0,600,10,13.5
1470695851.51,517,0,600,10,13.5
1470695851.53,517,0,600,10,13.5
1470695851.54,517,0,600,10,13.5
1470695851.56,517,0,600,10,13.5
1470695851.58,517,0,600,10,13.5
1470695851.59,517,0,600,10,13.5
1470695851.61,517,0,600,10,13.5
1470695851.63,517,0,600,10,13.5
1470695851.64,517,0,600,10,13.5
1470695851.66,517,0,600,10,13.5
1470695851.68,516,0,600,10,13.5
1470695851.69,517,0,600,10,13.5
1470695851.71,517,0,600,10,13.5
1470695851.73,516,0,600,10,13.5
1470695851.74,517,0,600,10,13.5
1470695851.76,517,0,600,10,13.5
1470695851.77,519,0,600,10,13.5
1470695851.79,516,0,600,10,13.5
1470695851.81,517,0,600,10,13.5
1470695851.82,517,0,600,10,13.5
1470695851.84,516,0,600,10,13.5
1470695851.86,517,0,600,10,13.5
1470695851.87,517,0,600,10,13.5
1470695851.89,517,0,600,10,13.5
1470695851.91,517,0,600,10,13.5
1470695851.92,516,0,600,10,13.5
1470695851.94,517,0,600,10,13.5
1470695851.96,516,0,600,10,13.5
1470695851.97,516,0,600,10,13.5
1470695851.99,516,0,600,10,13.5
1470695852.01,517,0,600,10,13.5
1470695852.02,517,0,600,10,13.5
1470695852.04,516,0,600,10,13.5
1470695852.06,517,0,600,10,13.5
1470695852.07,517,0,600,10,13.5
1470695852.09,517,0,600,10,13.5
1470695852.11,517,0,600,10,13.5
1470695852.12,516,0,600,10,13.5
1470695852.14,517,0,600,10,13.5
1470695852.16,517,0,600,10,13.5
1470695852.17,517,0,600,10,13.5
1470695852.19,517,0,600,10,13.5
1470695852.21,516,0,600,10,13.5
1470695852.22,517,0,600,10,13.5
1470695852.24,517,0,600,10,13.5
1470695852.25,517,0,600,10,13.5
1470695852.27,517,0,600,10,13.5
1470695852.29,517,0,600,10,13.5
1470695852.3,517,0,600,10,13.5
1470695852.32,517,0,600,10,13.5
1470695852.34,517,0,600,10,13.5
1470695852.35,517,0,600,10,13.5
1470695852.37,517,0,600,10,13.5
1470695852.39,516,0,600,10,13.5
1470695852.4,515,0,600,10,13.5
1470695852.42,512,0,600,10,13.5
1470695852.44,517,0,600,10,13.5
1470695852.45,517,0,600,10,13.5
1470695852.47,517,0,600,10,13.5
1470695852.49,516,0,600,10,13.5
1470695852.5,517,0,600,10,13.5
1470695852.52,516,0,600,10,13.5
1470695852.54,516,0,600,10,13.5
1470695852.55,517,0,600,10,13.5
1470695852.57,517,0,600,10,13.5
1470695852.59,516,0,600,10,13.5
1470695852.6,516,0,600,10,13.5
1470695852.62,519,0,600,10,13.5
1470695852.64,517,0,600,10,13.5
1470695852.65,517,0,600,10,13.5
1470695852.67,517,0,600,10,13.5
1470695852.69,516,0,600,10,13.5
1470695852.7,517,0,600,10,13.5
1470695852.72,517,0,600,10,13.5
1470695852.74,517,0,600,10,13.5
1470695852.75,517,0,600,10,13.5
1470695852.77,517,0,600,10,13.5
1470695852.79,516,0,600,10,13.5
1470695852.8,517,0,600,10,13.5
1470695852.82,516,0,600,10,13.5
1470695852.84,519,0,600,10,13.5
1470695852.85,517,0,600,10,13.5
1470695852.87,516,0,600,10,13.5
1470695852.89,517,0,600,10,13.5
1470695852.9,517,0,600,10,13.5
1470695852.92,517,0,600,10,13.5
1470695852.93,517,0,600,10,13.5
1470695852.95,517,0,600,10,13.5
1470695852.97,517,0,600,10,13.5
1470695852.98,517,0,600,10,13.5
1470695853.0,517,0,600,10,13.5
1470695853.02,517,0,600,10,13.5
1470695853.03,516,0,600,10,13.5
1470695853.05,521,0,600,10,13.5
1470695853.07,517,0,600,10,13.5
1470695853.08,517,0,600,10,13.5
1470695853.1,516,0,600,10,13.5
1470695853.12,516,0,600,10,13.5
1470695853.13,517,0,600,10,13.5
1470695853.15,517,0,600,10,13.5
1470695853.17,516,0,600,10,13.5
1470695853.18,516,0,600,10,13.5
1470695853.2,516,0,600,10,13.5
1470695853.22,516,0,600,10,13.5
1470695853.23,516,0,600,10,13.5
1470695853.25,519,0,600,10,13.5
1470695853.27,519,0,600,10,13.5
1470695853.28,517,0,600,10,13.5
1470695853.3,516,0,600,10,13.5
1470695853.32,517,0,600,10,13.5
1470695853.33,517,0,600,10,13.5
1470695853.35,516,0,600,10,13.5
1470695853.37,517,0,600,10,13.5
1470695853.39,516,0,600,10,13.5
1470695853.4,517,0,600,10,13.5
1470695853.42,516,0,600,10,13.5
1470695853.44,517,0,600,10,13.5
1470695853.45,517,0,600,10,13.5
1470695853.47,516,0,600,10,13.5
1470695853.48,511,0,600,10,13.5
1470695853.5,517,0,600,10,13.5
1470695853.52,516,0,600,10,13.5
1470695853.53,517,0,600,10,13.5
1470695853.55,517,0,600,10,13.5
1470695853.57,517,0,600,10,13.5
1470695853.58,517,0,600,10,13.5
1470695853.6,517,0,600,10,13.5
1470695853.62,517,0,600,10,13.5
1470695853.63,517,0,600,10,13.5
1470695853.65,517,0,600,10,13.5
1470695853.67,516,0,600,10,13.5
1470695853.68,517,0,600,10,13.5
1470695853.7,516,0,600,10,13.5
1470695853.72,516,0,600,10,13.5
1470695853.73,516,0,600,10,13.5
1470695853.75,517,0,600,10,13.5
1470695853.77,517,0,600,10,13.5
1470695853.78,517,0,600,10,13.5
1470695853.8,516,0,600,10,13.5
1470695853.82,517,0,600,10,13.5
1470695853.83,517,0,600,10,13.5
1470695853.85,517,0,600,10,13.5
1470695853.87,517,0,600,10,13.5
1470695853.88,516,0,600,10,13.5
1470695853.9,516,0,600,10,13.5
1470695853.92,517,0,600,10,13.5
1470695853.93,514,0,600,10,13.5
1470695853.95,517,0,600,10,13.5
1470695853.97,517,0,600,10,13.5
1470695853.98,516,0,600,10,13.5
1470695854.0,517,0,600,10,13.5
1470695854.02,517,0,600,10,13.5
1470695854.03,517,0,600,10,13.5
1470695854.05,516,0,600,10,13.5
1470695854.07,516,0,600,10,13.5
1470695854.08,517,0,600,10,13.5
1470695854.1,517,0,600,10,13.5
1470695854.12,517,0,600,10,13.5
1470695854.13,515,0,600,10,13.5
1470695854.15,519,0,600,10,13.5
1470695854.17,516,0,600,10,13.5
1470695854.18,517,0,600,10,13.5
1470695854.2,517,0,600,10,13.5
1470695854.22,517,0,600,10,13.5
1470695854.23,517,0,600,10,13.5
1470695854.25,516,0,600,10,13.5
1470695854.27,517,0,600,10,13.5
1470695854.28,517,0,600,10,13.5
1470695854.3,516,0,600,10,13.5
1470695854.32,517,0,600,10,13.5
1470695854.33,517,0,600,10,13.5
1470695854.35,517,0,600,10,13.5
1470695854.37,516,0,600,10,13.5
1470695854.38,517,0,600,10,13.5
1470695854.4,516,0,600,10,13.5
1470695854.42,517,0,600,10,13.5
1470695854.43,517,0,600,10,13.5
1470695854.45,517,0,600,10,13.5
1470695854.47,517,0,600,10,13.5
1470695854.48,517,0,600,10,13.5
1470695854.5,517,0,600,10,13.5
1470695854.52,516,0,600,10,13.5
1470695854.53,517,0,600,10,13.5
1470695854.55,517,0,600,10,13.5
1470695854.57,517,0,600,10,13.5
1470695854.58,516,0,600,10,13.5
1470695854.6,516,0,600,10,13.5
1470695854.62,516,0,600,10,13.5
1470695854.63,517,0,600,10,13.5
1470695854.65,517,0,600,10,13.5
1470695854.67,517,0,600,10,13.5
1470695854.68,517,0,600,10,13.5
1470695854.7,516,0,600,10,13.5
1470695854.72,517,0,600,10,13.5
1470695854.73,517,0,600,10,13.5
1470695854.75,517,0,600,10,13.5
1470695854.77,517,0,600,10,13.5
1470695854.78,517,0,600,10,13.5
1470695854.8,517,0,600,10,13.5
1470695854.82,520,0,600,10,13.5
1470695854.83,516,0,600,10,13.5
1470695854.85,517,0,600,10,13.5
1470695854.87,517,0,600,10,13.5
1470695854.88,516,0,600,10,13.5
1470695854.9,517,0,600,10,13.5
1470695854.92,517,0,600,10,13.5
1470695854.93,517,0,600,10,13.5
1470695854.95,517,0,600,10,13.5
1470695854.97,517,0,600,10,13.5
1470695854.98,517,0,600,10,13.5
1470695855.0,517,0,600,10,13.5
1470695855.02,517,0,600,10,13.5
1470695855.03,519,0,600,10,13.5
1470695855.05,518,0,600,10,13.5
1470695855.07,517,0,600,10,13.5
1470695855.08,517,0,600,10,13.5
1470695855.1,517,0,600,10,13.5
1470695855.12,517,0,600,10,13.5
1470695855.13,517,0,600,10,13.5
1470695855.15,517,0,600,10,13.5
1470695855.17,516,0,600,10,13.5
1470695855.18,517,0,600,10,13.5
1470695855.2,517,0,600,10,13.5
1470695855.22,517,0,600,10,13.5
1470695855.23,517,0,600,10,13.5
1470695855.25,518,0,600,10,13.5
1470695855.27,521,0,600,10,13.5
1470695855.28,517,0,600,10,13.5
1470695855.3,517,0,600,10,13.5
1470695855.32,516,0,600,10,13.5
1470695855.33,517,0,600,10,13.5
1470695855.35,517,0,600,10,13.5
1470695855.37,517,0,600,10,13.5
1470695855.38,517,0,600,10,13.5
1470695855.4,517,0,600,10,13.5
1470695855.42,516,0,600,10,13.5
1470695855.43,517,0,600,10,13.5
1470695855.45,516,0,600,10,13.5
1470695855.47,517,0,600,10,13.5
1470695855.48,517,0,600,10,13.5
1470695855.5,518,0,600,10,13.5
1470695855.52,522,0,600,10,13.5
1470695855.53,517,0,600,10,13.5
1470695855.55,517,0,600,10,13.5
1470695855.57,517,0,600,10,13.5
1470695855.58,517,0,600,10,13.5
1470695855.6,517,0,600,10,13.5
1470695855.62,517,0,600,10,13.5
1470695855.63,517,0,600,10,13.5
1470695855.65,517,0,600,10,13.5
1470695855.67,517,0,600,10,13.5
1470695855.68,517,0,600,10,13.5
1470695855.7,517,0,600,10,13.5
1470695855.72,517,0,600,10,13.5
1470695855.73,517,0,600,10,13.5
1470695855.75,517,0,600,10,13.5
1470695855.77,517,0,600,10,13.5
1470695855.78,517,0,600,10,13.5
1470695855.8,517,0,600,10,13.5
1470695855.82,517,0,600,10,13.5
1470695855.83,517,0,600,10,13.5
1470695855.85,517,0,600,10,13.5
1470695855.87,517,0,600,10,13.5
1470695855.88,517,0,600,10,13.5
1470695855.9,517,0,600,10,13.5
1470695855.92,517,0,600,10,13.5
1470695855.93,517,0,600,10,13.5
1470695855.95,517,0,600,10,13.5
1470695855.97,510,0,600,10,13.5
1470695855.98,516,0,600,10,13.5
1470695856.0,517,0,600,10,13.5
1470695856.02,517,0,600,10,13.5
1470695856.03,516,0,600,10,13.5
1470695856.05,517,0,600,10,13.5
1470695856.07,517,0,600,10,13.5
1470695856.08,517,0,600,10,13.5
1470695856.1,517,0,600,10,13.5
1470695856.12,516,0,600,10,13.5
1470695856.13,517,0,600,10,13.5
1470695856.15,517,0,600,10,13.5
1470695856.17,521,0,600,10,13.5
1470695856.18,513,0,600,10,13.5
1470695856.2,517,0,600,10,13.5
1470695856.22,516,0,600,10,13.5
1470695856.23,517,0,600,10,13.5
1470695856.25,517,0,600,10,13.5
1470695856.27,517,0,600,10,13.5
1470695856.28,517,0,600,10,13.5
1470695856.3,517,0,600,10,13.5
1470695856.32,516,0,600,10,13.5
1470695856.33,517,0,600,10,13.5
1470695856.35,516,0,600,10,13.5
1470695856.37,516,0,600,10,13.5
1470695856.38,517,0,600,10,13.5
1470695856.4,519,0,600,10,13.5
1470695856.42,517,0,600,10,13.5
1470695856.43,517,0,600,10,13.5
1470695856.45,516,0,600,10,13.5
1470695856.47,517,0,600,10,13.5
1470695856.48,517,0,600,10,13.5
1470695856.5,516,0,600,10,13.5
1470695856.52,516,0,600,10,13.5
1470695856.53,517,0,600,10,13.5
1470695856.55,517,0,600,10,13.5
1470695856.57,517,0,600,10,13.5
1470695856.58,517,0,600,10,13.5
1470695856.6,517,0,600,10,13.5
1470695856.62,518,0,600,10,13.5
1470695856.63,514,0,600,10,13.5
1470695856.65,517,0,600,10,13.5
1470695856.67,517,0,600,10,13.5
1470695856.68,517,0,600,10,13.5
1470695856.7,517,0,600,10,13.5
1470695856.72,517,0,600,10,13.5
1470695856.73,517,0,600,10,13.5
1470695856.75,517,0,600,10,13.5
1470695856.77,516,0,600,10,13.5
1470695856.78,516,0,600,10,13.5
1470695856.8,517,0,600,10,13.5
1470695856.82,517,0,600,10,13.5
1470695856.83,517,0,600,10,13.5
1470695856.85,516,0,600,10,13.5
1470695856.87,517,0,600,10,13.5
1470695856.88,517,0,600,10,13.5
1470695856.9,516,0,600,10,13.5
1470695856.91,517,0,600,10,13.5
1470695856.93,517,0,600,10,13.5
1470695856.95,517,0,600,10,13.5
1470695856.96,517,0,600,10,13.5
1470695856.98,517,0,600,10,13.5
1470695857.0,517,0,600,10,13.5
1470695857.01,516,0,600,10,13.5
1470695857.03,517,0,600,10,13.5
1470695857.05,512,0,600,10,13.5
1470695857.06,517,0,600,10,13.5
1470695857.08,517,0,600,10,13.5
1470695857.1,517,0,600,10,13.5
1470695857.11,517,0,600,10,13.5
1470695857.13,516,0,600,10,13.5
1470695857.15,517,0,600,10,13.5
1470695857.16,517,0,600,10,13.5
1470695857.18,516,0,600,10,13.5
1470695857.2,517,0,600,10,13.5
1470695857.21,516,0,600,10,13.5
1470695857.23,517,0,600,10,13.5
1470695857.25,517,0,600,10,13.5
1470695857.26,512,0,600,10,13.5
1470695857.28,517,0,600,10,13.5
1470695857.3,517,0,600,10,13.5
1470695857.31,516,0,600,10,13.5
1470695857.33,517,0,600,10,13.5
1470695857.35,517,0,600,10,13.5
1470695857.36,517,0,600,10,13.5
1470695857.38,517,0,600,10,13.5
1470695857.4,516,0,600,10,13.5
1470695857.41,517,0,600,10,13.5
1470695857.43,516,0,600,10,13.5
1470695857.45,517,0,600,10,13.5
1470695857.46,517,0,600,10,13.5
1470695857.48,517,0,600,10,13.5
1470695857.5,517,0,600,10,13.5
1470695857.51,517,0,600,10,13.5
1470695857.53,517,0,600,10,13.5
1470695857.55,517,0,600,10,13.5
1470695857.56,517,0,600,10,13.5
1470695857.58,517,0,600,10,13.5
1470695857.6,517,0,600,10,13.5
1470695857.61,517,0,600,10,13.5
1470695857.63,517,0,600,10,13.5
1470695857.65,517,0,600,10,13.5
1470695857.66,517,0,600,10,13.5
1470695857.68,517,0,600,10,13.5
1470695857.7,517,0,600,10,13.5
1470695857.71,517,0,600,10,13.5
1470695857.73,517,0,600,10,13.5
1470695857.75,517,0,600,10,13.5
1470695857.76,517,0,600,10,13.5
1470695857.78,516,0,600,10,13.5
1470695857.8,517,0,600,10,13.5
1470695857.81,517,0,600,10,13.5
1470695857.83,517,0,600,10,13.5
1470695857.85,517,0,600,10,13.5
1470695857.86,517,0,600,10,13.5
1470695857.88,517,0,600,10,13.5
1470695857.9,516,0,600,10,13.5
1470695857.91,517,0,600,10,13.5
1470695857.93,517,0,600,10,13.5
1470695857.95,517,0,600,10,13.5
1470695857.96,517,0,600,10,13.5
1470695857.98,517,0,600,10,13.5
1470695858.0,517,0,600,10,13.5
1470695858.01,516,0,600,10,13.5
1470695858.03,517,0,600,10,13.5
1470695858.05,517,0,600,10,13.5
1470695858.06,517,0,600,10,13.5
1470695858.08,517,0,600,10,13.5
1470695858.09,517,0,600,10,13.5
1470695858.11,518,0,600,10,13.5
1470695858.13,512,0,600,10,13.5
1470695858.14,517,0,600,10,13.5
1470695858.16,517,0,600,10,13.5
1470695858.18,517,0,600,10,13.5
1470695858.19,517,0,600,10,13.5
1470695858.21,517,0,600,10,13.5
1470695858.23,516,0,600,10,13.5
1470695858.24,517,0,600,10,13.5
1470695858.26,516,0,600,10,13.5
1470695858.28,516,0,600,10,13.5
1470695858.29,517,0,600,10,13.5
1470695858.31,516,0,600,10,13.5
1470695858.33,515,0,600,10,13.5
1470695858.34,517,0,600,10,13.5
1470695858.36,517,0,600,10,13.5
1470695858.38,516,0,600,10,13.5
1470695858.39,517,0,600,10,13.5
1470695858.41,517,0,600,10,13.5
1470695858.43,516,0,600,10,13.5
1470695858.44,516,0,600,10,13.5
1470695858.46,517,0,600,10,13.5
1470695858.48,516,0,600,10,13.5
1470695858.49,517,0,600,10,13.5
1470695858.51,517,0,600,10,13.5
1470695858.53,517,0,600,10,13.5
1470695858.54,519,0,600,10,13.5
1470695858.56,517,0,600,10,13.5
1470695858.58,517,0,600,10,13.5
1470695858.59,517,0,600,10,13.5
1470695858.61,517,0,600,10,13.5
1470695858.63,517,0,600,10,13.5
1470695858.64,517,0,600,10,13.5
1470695858.66,517,0,600,10,13.5
1470695858.68,517,0,600,10,13.5
1470695858.69,516,0,600,10,13.5
1470695858.71,517,0,600,10,13.5
1470695858.72,517,0,600,10,13.5
1470695858.74,516,0,600,10,13.5
1470695858.76,518,0,600,10,13.5
1470695858.77,516,0,600,10,13.5
1470695858.79,516,0,600,10,13.5
1470695858.81,516,0,600,10,13.5
1470695858.82,517,0,600,10,13.5
1470695858.84,517,0,600,10,13.5
1470695858.86,516,0,600,10,13.5
1470695858.87,516,0,600,10,13.5
1470695858.89,517,0,600,10,13.5
1470695858.91,517,0,600,10,13.5
1470695858.92,517,0,600,10,13.5
1470695858.94,517,0,600,10,13.5
1470695858.96,517,0,600,10,13.5
1470695858.97,516,0,600,10,13.5
1470695858.99,517,0,600,10,13.5
1470695859.01,516,0,600,10,13.5
1470695859.02,516,0,600,10,13.5
1470695859.04,516,0,600,10,13.5
1470695859.06,517,0,600,10,13.5
1470695859.07,517,0,600,10,13.5
1470695859.09,517,0,600,10,13.5
1470695859.11,517,0,600,10,13.5
1470695859.12,516,0,600,10,13.5
1470695859.14,517,0,600,10,13.5
1470695859.16,517,0,600,10,13.5
1470695859.17,519,0,600,10,13.5
1470695859.19,517,0,600,10,13.5
1470695859.21,516,0,600,10,13.5
1470695859.22,516,0,600,10,13.5
1470695859.24,517,0,600,10,13.5
1470695859.25,517,0,600,10,13.5
1470695859.27,517,0,600,10,13.5
1470695859.29,516,0,600,10,13.5
1470695859.3,516,0,600,10,13.5
1470695859.32,516,0,600,10,13.5
1470695859.34,516,0,600,10,13.5
1470695859.35,516,0,600,10,13.5
1470695859.37,516,0,600,10,13.5
1470695859.39,516,0,600,10,13.5
1470695859.4,516,0,600,10,13.5
1470695859.42,516,0,600,10,13.5
1470695859.44,516,0,600,10,13.5
1470695859.45,516,0,600,10,13.5
1470695859.47,516,0,600,10,13.5
1470695859.49,517,0,600,10,13.5
1470695859.5,516,0,600,10,13.5
1470695859.52,516,0,600,10,13.5
1470695859.54,517,0,600,10,13.5
1470695859.55,517,0,600,10,13.5
1470695859.57,517,0,600,10,13.5
1470695859.59,517,0,600,10,13.5
1470695859.6,518,0,600,10,13.5
1470695859.62,517,0,600,10,13.5
1470695859.64,516,0,600,10,13.5
1470695859.65,517,0,600,10,13.5
1470695859.67,517,0,600,10,13.5
1470695859.69,517,0,600,10,13.5
1470695859.7,517,0,600,10,13.5
1470695859.72,517,0,600,10,13.5
1470695859.74,517,0,600,10,13.5
1470695859.75,516,0,600,10,13.5
1470695859.77,517,0,600,10,13.5
1470695859.79,517,0,600,10,13.5
1470695859.8,517,0,600,10,13.5
1470695859.82,517,0,600,10,13.5
1470695859.83,517,0,600,10,13.5
1470695859.85,517,0,600,10,13.5
1470695859.87,516,0,600,10,13.5
1470695859.88,517,0,600,10,13.5
1470695859.9,517,0,600,10,13.5
1470695859.92,517,0,600,10,13.5
1470695859.93,517,0,600,10,13.5
1470695859.95,517,0,600,10,13.5
1470695859.97,517,0,600,10,13.5
1470695859.98,517,0,600,10,13.5
1470695860.0,512,0,600,10,13.5
1470695860.02,519,0,600,10,13.5
1470695860.03,517,0,600,10,13.5
1470695860.05,517,0,600,10,13.5
1470695860.07,517,0,600,10,13.5
1470695860.08,517,0,600,10,13.5
1470695860.1,517,0,600,10,13.5
1470695860.12,517,0,600,10,13.5
1470695860.13,517,0,600,10,13.5
1470695860.15,517,0,600,10,13.5
1470695860.17,517,0,600,10,13.5
1470695860.18,517,0,600,10,13.5
1470695860.2,517,0,600,10,13.5
1470695860.22,517,0,600,10,13.5
1470695860.23,517,0,600,10,13.5
1470695860.25,517,0,600,10,13.5
1470695860.27,517,0,600,10,13.5
1470695860.28,517,0,600,10,13.5
1470695860.3,516,0,600,10,13.5
1470695860.31,516,0,600,10,13.5
1470695860.33,516,0,600,10,13.5
1470695860.35,517,0,600,10,13.5
1470695860.36,517,0,600,10,13.5
1470695860.38,517,0,600,10,13.5
1470695860.4,516,0,600,10,13.5
1470695860.41,514,0,600,10,13.5
1470695860.43,518,0,600,10,13.5
1470695860.45,517,0,600,10,13.5
1470695860.46,516,0,600,10,13.5
1470695860.48,517,0,600,10,13.5
1470695860.5,517,0,600,10,13.5
1470695860.51,517,0,600,10,13.5
1470695860.53,516,0,600,10,13.5
1470695860.55,517,0,600,10,13.5
1470695860.56,516,0,600,10,13.5
1470695860.58,517,0,600,10,13.5
1470695860.6,517,0,600,10,13.5
1470695860.61,517,0,600,10,13.5
1470695860.63,516,0,600,10,13.5
1470695860.65,517,0,600,10,13.5
1470695860.66,516,0,600,10,13.5
1470695860.68,517,0,600,10,13.5
1470695860.7,516,0,600,10,13.5
1470695860.71,517,0,600,10,13.5
1470695860.73,517,0,600,10,13.5
1470695860.75,516,0,600,10,13.5
1470695860.76,517,0,600,10,13.5
1470695860.78,517,0,600,10,13.5
1470695860.8,517,0,600,10,13.5
1470695860.81,517,0,600,10,13.5
1470695860.83,517,0,600,10,13.5
1470695860.85,519,0,600,10,13.5
1470695860.86,517,0,600,10,13.5
1470695860.88,517,0,600,10,13.5
1470695860.9,517,0,600,10,13.5
1470695860.91,516,0,600,10,13.5
1470695860.93,517,0,600,10,13.5
1470695860.94,517,0,600,10,13.5
1470695860.96,517,0,600,10,13.5
1470695860.98,516,0,600,10,13.5
1470695860.99,516,0,600,10,13.5
1470695861.01,516,0,600,10,13.5
1470695861.03,512,0,600,10,13.5
1470695861.04,521,0,600,10,13.5
1470695861.06,517,0,600,10,13.5
1470695861.08,516,0,600,10,13.5
1470695861.09,516,0,600,10,13.5
1470695861.11,516,0,600,10,13.5
1470695861.12,517,0,600,10,13.5
1470695861.14,517,0,600,10,13.5
1470695861.16,517,0,600,10,13.5
1470695861.17,517,0,600,10,13.5
1470695861.19,517,0,600,10,13.5
1470695861.21,517,0,600,10,13.5
1470695861.22,521,0,600,10,13.5
1470695861.24,516,0,600,10,13.5
1470695861.26,517,0,600,10,13.5
1470695861.27,517,0,600,10,13.5
1470695861.29,517,0,600,10,13.5
1470695861.31,517,0,600,10,13.5
1470695861.32,517,0,600,10,13.5
1470695861.34,516,0,600,10,13.5
1470695861.35,516,0,600,10,13.5
1470695861.37,517,0,600,10,13.5
1470695861.39,517,0,600,10,13.5
1470695861.4,512,0,600,10,13.5
1470695861.42,517,0,600,10,13.5
1470695861.44,516,0,600,10,13.5
1470695861.45,517,0,600,10,13.5
1470695861.47,517,0,600,10,13.5
1470695861.49,516,0,600,10,13.5
1470695861.5,516,0,600,10,13.5
1470695861.52,516,0,600,10,13.5
1470695861.53,516,0,600,10,13.5
1470695861.55,517,0,600,10,13.5
1470695861.57,517,0,600,10,13.5
1470695861.58,518,0,600,10,13.5
1470695861.6,516,0,600,10,13.5
1470695861.62,517,0,600,10,13.5
1470695861.63,517,0,600,10,13.5
1470695861.65,517,0,600,10,13.5
1470695861.67,517,0,600,10,13.5
1470695861.68,516,0,600,10,13.5
1470695861.7,517,0,600,10,13.5
1470695861.71,516,0,600,10,13.5
1470695861.73,516,0,600,10,13.5
1470695861.75,516,0,600,10,13.5
1470695861.76,518,0,600,10,13.5
1470695861.78,517,0,600,10,13.5
1470695861.8,517,0,600,10,13.5
1470695861.81,517,0,600,10,13.5
1470695861.83,518,0,600,10,13.5
1470695861.85,517,0,600,10,13.5
1470695861.86,518,0,600,10,13.5
1470695861.88,519,0,600,10,13.5
1470695861.9,521,0,600,10,13.5
1470695861.91,526,0,600,10,13.5
1470695861.93,530,0,600,10,13.5
1470695861.94,542,0,600,10,13.5
1470695861.96,543,0,600,10,13.5
1470695861.98,548,0,600,10,13.5
1470695861.99,565,0,600,10,13.5
1470695862.01,598,0,600,10,13.5
1470695862.03,640,0,600,10,13.5
1470695862.54,510,0,600,10,13.5
1470695862.56,510,0,600,10,13.5
1470695862.58,510,0,600,10,13.5
1470695862.59,510,0,600,10,13.5
1470695862.61,510,0,600,10,13.5
1470695862.63,511,0,600,10,13.5
1470695862.64,511,0,600,10,13.5
1470695862.66,510,0,600,10,13.5
1470695862.68,511,0,600,10,13.5
1470695862.69,511,0,600,10,13.5
1470695862.71,511,0,600,10,13.5
1470695862.73,511,0,600,10,13.5
1470695862.74,511,0,600,10,13.5
1470695862.76,511,0,600,10,13.5
1470695862.78,511,0,600,10,13.5
1470695862.79,511,0,600,10,13.5
1470695862.81,511,0,600,10,13.5
1470695862.83,511,0,600,10,13.5
1470695862.84,511,0,600,10,13.5
1470695862.86,511,0,600,10,13.5
1470695862.87,511,0,600,10,13.5
1470695862.89,511,0,600,10,13.5
1470695862.91,511,0,600,10,13.5
1470695862.92,511,0,600,10,13.5
1470695862.94,511,0,600,10,13.5
1470695862.96,512,0,600,10,13.5
1470695862.97,513,0,600,10,13.5
1470695862.99,522,0,600,10,13.5
1470695863.01,533,0,600,10,13.5
1470695863.02,553,0,600,10,13.5
1470695863.04,613,0,600,10,13.5
1470695863.06,729,0,600,10,13.5
1470695863.07,819,0,600,10,13.5
1470695863.09,861,0,600,10,13.5
1470695863.1,895,0,600,10,13.5
1470695863.12,908,0,600,10,13.5
1470695863.14,911,0,600,10,13.5
1470695863.15,912,0,600,10,13.5
1470695863.17,909,0,600,10,13.5
1470695863.19,901,0,600,10,13.5
1470695863.2,892,0,600,10,13.5
1470695863.22,872,0,600,10,13.5
1470695863.24,838,0,600,10,13.5
1470695863.25,797,0,600,10,13.5
1470695863.27,706,0,600,10,13.5
1470695863.28,571,0,600,10,13.5
1470695863.3,463,0,600,10,13.5
1470695863.32,491,0,600,10,13.5
1470695863.33,531,0,600,10,13.5
1470695863.35,516,0,600,10,13.5
1470695863.37,514,0,600,10,13.5
1470695863.38,512,0,600,10,13.5
1470695863.4,512,0,600,10,13.5
1470695863.42,512,0,600,10,13.5
1470695863.43,512,0,600,10,13.5
1470695863.45,512,0,600,10,13.5
1470695863.46,512,0,600,10,13.5
1470695863.48,512,0,600,10,13.5
1470695863.5,512,0,600,10,13.5
1470695863.51,512,0,600,10,13.5
1470695863.53,512,0,600,10,13.5
1470695863.55,512,0,600,10,13.5
1470695863.56,516,0,600,10,13.5
1470695863.58,514,0,600,10,13.5
1470695863.6,514,0,600,10,13.5
1470695863.61,514,0,600,10,13.5
1470695863.63,514,0,600,10,13.5
1470695863.65,515,0,600,10,13.5
1470695863.66,518,0,600,10,13.5
1470695863.68,524,0,600,10,13.5
1470695863.69,525,0,600,10,13.5
1470695863.71,526,0,600,10,13.5
1470695863.73,534,0,600,10,13.5
1470695863.74,540,0,600,10,13.5
1470695863.76,540,0,600,10,13.5
1470695863.78,542,0,600,10,13.5
1470695863.79,543,0,600,10,13.5
1470695863.81,543,0,600,10,13.5
1470695863.83,544,0,600,10,13.5
1470695863.84,543,0,600,10,13.5
1470695863.86,543,0,600,10,13.5
1470695863.87,543,0,600,10,13.5
1470695863.89,543,0,600,10,13.5
1470695863.91,541,0,600,10,13.5
1470695863.92,539,0,600,10,13.5
1470695863.94,536,0,600,10,13.5
1470695863.96,532,0,600,10,13.5
1470695863.97,526,0,600,10,13.5
1470695863.99,524,0,600,10,13.5
1470695864.01,523,0,600,10,13.5
1470695864.02,521,0,600,10,13.5
1470695864.04,521,0,600,10,13.5
1470695864.06,523,0,600,10,13.5
1470695864.07,528,0,600,10,13.5
1470695864.09,544,0,600,10,13.5
1470695864.1,574,0,600,10,13.5
1470695864.12,679,0,600,10,13.5
1470695864.14,805,0,600,10,13.5
1470695864.15,850,0,600,10,13.5
1470695864.17,888,0,600,10,13.5
1470695864.19,900,0,600,10,13.5
1470695864.2,905,0,600,10,13.5
1470695864.22,905,0,600,10,13.5
1470695864.24,904,0,600,10,13.5
1470695864.25,896,0,600,10,13.5
1470695864.27,882,0,600,10,13.5
1470695864.28,856,0,600,10,13.5
1470695864.3,819,0,600,10,13.5
1470695864.32,757,0,600,10,13.5
1470695864.33,670,0,600,10,13.5
1470695864.35,566,0,600,10,13.5
1470695864.37,483,0,600,10,13.5
1470695864.38,507,0,600,10,13.5
1470695864.4,527,0,600,10,13.5
1470695864.42,512,0,600,10,13.5
1470695864.43,515,0,600,10,13.5
1470695864.45,520,0,600,10,13.5
1470695864.47,534,0,600,10,13.5
1470695864.48,565,0,600,10,13.5
1470695864.5,632,0,600,10,13.5
1470695864.51,733,0,600,10,13.5
1470695864.53,809,0,600,10,13.5
1470695864.55,827,0,600,10,13.5
1470695864.56,843,0,600,10,13.5
1470695864.58,851,0,600,10,13.5
1470695864.6,852,0,600,10,13.5
1470695864.62,850,0,600,10,13.5
1470695864.63,835,0,600,10,13.5
1470695864.65,808,0,600,10,13.5
1470695864.67,770,0,600,10,13.5
1470695864.68,717,0,600,10,13.5
1470695864.7,647,0,600,10,13.5
1470695864.72,597,0,600,10,13.5
1470695864.73,563,0,600,10,13.5
1470695864.75,541,0,600,10,13.5
1470695864.76,544,0,600,10,13.5
1470695864.78,564,0,600,10,13.5
1470695864.8,574,0,600,10,13.5
1470695864.81,600,0,600,10,13.5
1470695864.83,660,0,600,10,13.5
1470695864.85,752,0,600,10,13.5
1470695864.86,806,0,600,10,13.5
1470695864.88,824,0,600,10,13.5
1470695864.9,838,0,600,10,13.5
1470695864.91,841,0,600,10,13.5
1470695864.93,841,0,600,10,13.5
1470695864.95,840,0,600,10,13.5
1470695864.96,828,0,600,10,13.5
1470695864.98,795,0,600,10,13.5
1470695864.99,755,0,600,10,13.5
1470695865.01,695,0,600,10,13.5
1470695865.03,624,0,600,10,13.5
1470695865.04,599,0,600,10,13.5
1470695865.06,604,0,600,10,13.5
1470695865.08,617,0,600,10,13.5
1470695865.09,643,0,600,10,13.5
1470695865.11,690,0,600,10,13.5
1470695865.13,791,0,600,10,13.5
1470695865.14,825,0,600,10,13.5
1470695865.16,852,0,600,10,13.5
1470695865.18,874,0,600,10,13.5
1470695865.19,884,0,600,10,13.5
1470695865.21,889,0,600,10,13.5
1470695865.22,892,0,600,10,13.5
1470695865.24,894,0,600,10,13.5
1470695865.26,896,0,600,10,13.5
1470695865.27,900,0,600,10,13.5
1470695865.29,895,0,600,10,13.5
1470695865.31,896,0,600,10,13.5
1470695865.32,896,0,600,10,13.5
1470695865.34,896,0,600,10,13.5
1470695865.36,895,0,600,10,13.5
1470695865.37,895,0,600,10,13.5
1470695865.39,894,0,600,10,13.5
1470695865.4,894,0,600,10,13.5
1470695865.42,894,0,600,10,13.5
1470695865.44,894,0,600,10,13.5
1470695865.45,895,0,600,10,13.5
1470695865.47,894,0,600,10,13.5
1470695865.49,893,0,600,10,13.5
1470695865.5,893,0,600,10,13.5
1470695865.52,893,0,600,10,13.5
1470695865.54,892,0,600,10,13.5
1470695865.55,893,0,600,10,13.5
1470695865.57,892,0,600,10,13.5
1470695865.59,891,0,600,10,13.5
1470695865.6,891,0,600,10,13.5
1470695865.62,890,0,600,10,13.5
1470695865.64,890,0,600,10,13.5
1470695865.65,891,0,600,10,13.5
1470695865.67,884,0,600,10,13.5
1470695865.69,891,0,600,10,13.5
1470695865.7,890,0,600,10,13.5
1470695865.72,890,0,600,10,13.5
1470695865.74,890,0,600,10,13.5
1470695865.75,890,0,600,10,13.5
1470695865.77,890,0,600,10,13.5
1470695865.79,889,0,600,10,13.5
1470695865.8,890,0,600,10,13.5
1470695865.82,889,0,600,10,13.5
1470695865.84,889,0,600,10,13.5
1470695865.85,888,0,600,10,13.5
1470695865.87,888,0,600,10,13.5
1470695865.89,888,0,600,10,13.5
1470695865.9,892,0,600,10,13.5
1470695865.92,894,0,600,10,13.5
1470695865.94,888,0,600,10,13.5
1470695865.95,888,0,600,10,13.5
1470695865.97,888,0,600,10,13.5
1470695865.99,887,0,600,10,13.5
1470695866.0,887,0,600,10,13.5
1470695866.02,888,0,600,10,13.5
1470695866.04,887,0,600,10,13.5
1470695866.56,887,0,600,10,13.5
1470695866.57,886,0,600,10,13.5
1470695866.59,887,0,600,10,13.5
1470695866.61,883,0,600,10,13.5
1470695866.62,887,0,600,10,13.5
1470695866.64,887,0,600,10,13.5
1470695866.66,886,0,600,10,13.5
1470695866.67,886,0,600,10,13.5
1470695866.69,887,0,600,10,13.5
1470695866.71,886,0,600,10,13.5
1470695866.72,886,0,600,10,13.5
1470695866.74,886,0,600,10,13.5
1470695866.76,886,0,600,10,13.5
1470695866.77,886,0,600,10,13.5
1470695866.79,886,0,600,10,13.5
1470695866.81,886,0,600,10,13.5
1470695866.82,886,0,600,10,13.5
1470695866.84,895,0,600,10,13.5
1470695866.86,890,0,600,10,13.5
1470695866.87,887,0,600,10,13.5
1470695866.89,886,0,600,10,13.5
1470695866.91,886,0,600,10,13.5
1470695866.92,885,0,600,10,13.5
1470695866.94,886,0,600,10,13.5
1470695866.96,886,0,600,10,13.5
1470695866.97,886,0,600,10,13.5
1470695866.99,886,0,600,10,13.5
1470695867.01,885,0,600,10,13.5
1470695867.02,886,0,600,10,13.5
1470695867.04,886,0,600,10,13.5
1470695867.06,888,0,600,10,13.5
1470695867.07,886,0,600,10,13.5
1470695867.09,886,0,600,10,13.5
1470695867.11,885,0,600,10,13.5
1470695867.12,885,0,600,10,13.5
1470695867.14,885,0,600,10,13.5
1470695867.16,886,0,600,10,13.5
1470695867.17,886,0,600,10,13.5
1470695867.19,886,0,600,10,13.5
1470695867.21,885,0,600,10,13.5
1470695867.22,886,0,600,10,13.5
1470695867.24,885,0,600,10,13.5
1470695867.26,885,0,600,10,13.5
1470695867.27,885,0,600,10,13.5
1470695867.29,887,0,600,10,13.5
1470695867.31,885,0,600,10,13.5
1470695867.32,885,0,600,10,13.5
1470695867.34,885,0,600,10,13.5
1470695867.36,885,0,600,10,13.5
1470695867.37,885,0,600,10,13.5
1470695867.39,885,0,600,10,13.5
1470695867.41,885,0,600,10,13.5
1470695867.42,884,0,600,10,13.5
1470695867.44,885,0,600,10,13.5
1470695867.46,884,0,600,10,13.5
1470695867.47,884,0,600,10,13.5
1470695867.49,890,0,600,10,13.5
1470695867.51,887,0,600,10,13.5
1470695867.52,884,0,600,10,13.5
1470695867.54,883,0,600,10,13.5
1470695867.56,882,0,600,10,13.5
1470695867.57,882,0,600,10,13.5
1470695867.59,881,0,600,10,13.5
1470695867.61,881,0,600,10,13.5
1470695867.62,880,0,600,10,13.5
1470695867.64,880,0,600,10,13.5
1470695867.66,880,0,600,10,13.5
1470695867.67,880,0,600,10,13.5
1470695867.69,879,0,600,10,13.5
1470695867.71,879,0,600,10,13.5
1470695867.72,883,0,600,10,13.5
1470695867.74,882,0,600,10,13.5
1470695867.76,877,0,600,10,13.5
1470695867.77,875,0,600,10,13.5
1470695867.79,875,0,600,10,13.5
1470695867.81,872,0,600,10,13.5
1470695867.82,869,0,600,10,13.5
1470695867.84,868,0,600,10,13.5
1470695867.86,867,0,600,10,13.5
1470695867.87,867,0,600,10,13.5
1470695867.89,866,0,600,10,13.5
1470695867.9,865,0,600,10,13.5
1470695867.92,865,0,600,10,13.5
1470695867.94,868,0,600,10,13.5
1470695867.95,868,0,600,10,13.5
1470695867.97,865,0,600,10,13.5
1470695867.99,865,0,600,10,13.5
1470695868.0,864,0,600,10,13.5
1470695868.02,864,0,600,10,13.5
1470695868.04,865,0,600,10,13.5
1470695868.05,864,0,600,10,13.5
1470695868.07,865,0,600,10,13.5
1470695868.09,865,0,600,10,13.5
1470695868.1,864,0,600,10,13.5
1470695868.12,864,0,600,10,13.5
1470695868.14,864,0,600,10,13.5
1470695868.15,870,0,600,10,13.5
1470695868.17,863,0,600,10,13.5
1470695868.19,862,0,600,10,13.5
1470695868.2,862,0,600,10,13.5
1470695868.22,860,0,600,10,13.5
1470695868.24,857,0,600,10,13.5
1470695868.25,855,0,600,10,13.5
1470695868.27,854,0,600,10,13.5
1470695868.29,853,0,600,10,13.5
1470695868.3,851,0,600,10,13.5
1470695868.32,850,0,600,10,13.5
1470695868.34,849,0,600,10,13.5
1470695868.35,848,0,600,10,13.5
1470695868.37,849,0,600,10,13.5
1470695868.39,837,0,600,10,13.5
1470695868.4,847,0,600,10,13.5
1470695868.42,847,0,600,10,13.5
1470695868.44,845,0,600,10,13.5
1470695868.45,844,0,600,10,13.5
1470695868.47,844,0,600,10,13.5
1470695868.49,844,0,600,10,13.5
1470695868.5,843,0,600,10,13.5
1470695868.52,844,0,600,10,13.5
1470695868.54,844,0,600,10,13.5
1470695868.55,844,0,600,10,13.5
1470695868.57,844,0,600,10,13.5
1470695868.59,844,0,600,10,13.5
1470695868.6,849,0,600,10,13.5
1470695868.62,844,0,600,10,13.5
1470695868.64,844,0,600,10,13.5
1470695868.65,845,0,600,10,13.5
1470695868.67,843,0,600,10,13.5
1470695868.69,844,0,600,10,13.5
1470695868.7,844,0,600,10,13.5
1470695868.72,844,0,600,10,13.5
1470695868.74,845,0,600,10,13.5
1470695868.75,844,0,600,10,13.5
1470695868.77,844,0,600,10,13.5
1470695868.79,844,0,600,10,13.5
1470695868.8,844,0,600,10,13.5
1470695868.82,844,0,600,10,13.5
1470695868.84,847,0,600,10,13.5
1470695868.85,844,0,600,10,13.5
1470695868.87,843,0,600,10,13.5
1470695868.89,844,0,600,10,13.5
1470695868.9,843,0,600,10,13.5
1470695868.92,844,0,600,10,13.5
1470695868.94,843,0,600,10,13.5
1470695868.95,842,0,600,10,13.5
1470695868.97,840,0,600,10,13.5
1470695868.99,840,0,600,10,13.5
1470695869.0,840,0,600,10,13.5
1470695869.02,840,0,600,10,13.5
1470695869.04,839,0,600,10,13.5
1470695869.05,843,0,600,10,13.5
1470695869.07,839,0,600,10,13.5
1470695869.09,839,0,600,10,13.5
1470695869.1,838,0,600,10,13.5
1470695869.12,838,0,600,10,13.5
1470695869.14,837,0,600,10,13.5
1470695869.15,835,0,600,10,13.5
1470695869.17,836,0,600,10,13.5
1470695869.19,835,0,600,10,13.5
1470695869.2,835,0,600,10,13.5
1470695869.22,835,0,600,10,13.5
1470695869.24,835,0,600,10,13.5
1470695869.25,835,0,600,10,13.5
1470695869.27,839,0,600,10,13.5
1470695869.29,836,0,600,10,13.5
1470695869.3,836,0,600,10,13.5
1470695869.32,836,0,600,10,13.5
1470695869.34,836,0,600,10,13.5
1470695869.35,836,0,600,10,13.5
1470695869.37,836,0,600,10,13.5
1470695869.39,837,0,600,10,13.5
1470695869.4,837,0,600,10,13.5
1470695869.42,838,0,600,10,13.5
1470695869.44,839,0,600,10,13.5
1470695869.45,839,0,600,10,13.5
1470695869.47,840,0,600,10,13.5
1470695869.49,844,0,600,10,13.5
1470695869.5,846,0,600,10,13.5
1470695869.52,839,0,600,10,13.5
1470695869.54,840,0,600,10,13.5
1470695869.55,839,0,600,10,13.5
1470695869.57,840,0,600,10,13.5
1470695869.59,840,0,600,10,13.5
1470695869.6,839,0,600,10,13.5
1470695869.62,840,0,600,10,13.5
1470695869.64,840,0,600,10,13.5
1470695869.65,840,0,600,10,13.5
1470695869.67,839,0,600,10,13.5
1470695869.69,840,0,600,10,13.5
1470695869.7,842,0,600,10,13.5
1470695869.72,842,0,600,10,13.5
1470695869.74,840,0,600,10,13.5
1470695869.75,841,0,600,10,13.5
1470695869.77,840,0,600,10,13.5
1470695869.79,840,0,600,10,13.5
1470695869.8,840,0,600,10,13.5
1470695869.82,841,0,600,10,13.5
1470695869.84,841,0,600,10,13.5
1470695869.85,842,0,600,10,13.5
1470695869.87,842,0,600,10,13.5
1470695869.89,843,0,600,10,13.5
1470695869.9,843,0,600,10,13.5
1470695869.92,843,0,600,10,13.5
1470695869.94,840,0,600,10,13.5
1470695869.95,843,0,600,10,13.5
1470695869.97,843,0,600,10,13.5
1470695869.99,843,0,600,10,13.5
1470695870.0,843,0,600,10,13.5
1470695870.02,844,0,600,10,13.5
1470695870.04,844,0,600,10,13.5
1470695870.05,845,0,600,10,13.5
1470695871.57,507,0,700,11,13.5
1470695871.59,507,0,700,11,13.5
1470695871.6,507,0,700,11,13.5
1470695871.62,507,0,700,11,13.5
1470695871.64,506,0,700,11,13.5
1470695871.65,506,0,700,11,13.5
1470695871.67,506,0,700,11,13.5
1470695871.69,507,0,700,11,13.5
1470695871.7,507,0,700,11,13.5
1470695871.72,506,0,700,11,13.5
1470695871.74,507,0,700,11,13.5
1470695871.75,503,0,700,11,13.5
1470695871.77,510,0,700,11,13.5
1470695871.79,507,0,700,11,13.5
1470695871.8,507,0,700,11,13.5
1470695871.82,507,0,700,11,13.5
1470695871.84,506,0,700,11,13.5
1470695871.85,507,0,700,11,13.5
1470695871.87,506,0,700,11,13.5
1470695871.89,507,0,700,11,13.5
1470695871.9,506,0,700,11,13.5
1470695871.92,506,0,700,11,13.5
1470695871.94,506,0,700,11,13.5
1470695871.95,507,0,700,11,13.5
1470695871.97,501,0,700,11,13.5
1470695871.99,506,0,700,11,13.5
1470695872.0,506,0,700,11,13.5
1470695872.02,506,0,700,11,13.5
1470695872.04,506,0,700,11,13.5
1470695872.05,506,0,700,11,13.5
1470695872.07,506,0,700,11,13.5
1470695872.09,506,0,700,11,13.5
1470695872.1,506,0,700,11,13.5
1470695872.12,506,0,700,11,13.5
1470695872.14,506,0,700,11,13.5
1470695872.15,506,0,700,11,13.5
1470695872.17,508,0,700,11,13.5
1470695872.18,507,0,700,11,13.5
1470695872.2,506,0,700,11,13.5
1470695872.22,506,0,700,11,13.5
1470695872.23,506,0,700,11,13.5
1470695872.25,506,0,700,11,13.5
1470695872.27,506,0,700,11,13.5
1470695872.28,506,0,700,11,13.5
1470695872.3,507,0,700,11,13.5
1470695872.32,506,0,700,11,13.5
1470695872.33,506,0,700,11,13.5
1470695872.35,506,0,700,11,13.5
1470695872.37,506,0,700,11,13.5
1470695872.38,507,0,700,11,13.5
1470695872.4,506,0,700,11,13.5
1470695872.42,506,0,700,11,13.5
1470695872.43,506,0,700,11,13.5
1470695872.45,506,0,700,11,13.5
1470695872.47,506,0,700,11,13.5
1470695872.48,506,0,700,11,13.5
1470695872.5,506,0,700,11,13.5
1470695872.52,506,0,700,11,13.5
1470695872.53,506,0,700,11,13.5
1470695872.55,506,0,700,11,13.5
1470695872.57,506,0,700,11,13.5
1470695872.58,506,0,700,11,13.5
1470695872.6,500,0,700,11,13.5
1470695872.62,506,0,700,11,13.5
1470695872.63,506,0,700,11,13.5
1470695872.65,507,0,700,11,13.5
1470695872.67,507,0,700,11,13.5
1470695872.68,506,0,700,11,13.5
1470695872.7,506,0,700,11,13.5
1470695872.72,506,0,700,11,13.5
1470695872.73,506,0,700,11,13.5
1470695872.75,506,0,700,11,13.5
1470695872.77,506,0,700,11,13.5
1470695872.78,506,0,700,11,13.5
1470695872.8,506,0,700,11,13.5
1470695872.82,507,0,700,11,13.5
1470695872.83,502,0,700,11,13.5
1470695872.85,506,0,700,11,13.5
1470695872.87,507,0,700,11,13.5
1470695872.88,506,0,700,11,13.5
1470695872.9,506,0,700,11,13.5
1470695872.92,506,0,700,11,13.5
1470695872.93,506,0,700,11,13.5
1470695872.95,506,0,700,11,13.5
1470695872.97,506,0,700,11,13.5
1470695872.98,506,0,700,11,13.5
1470695873.0,506,0,700,11,13.5
1470695873.01,505,0,700,11,13.5
1470695873.03,506,0,700,11,13.5
1470695873.05,506,0,700,11,13.5
1470695873.06,506,0,700,11,13.5
1470695873.08,506,0,700,11,13.5
1470695873.1,506,0,700,11,13.5
1470695873.11,506,0,700,11,13.5
1470695873.13,507,0,700,11,13.5
1470695873.15,506,0,700,11,13.5
1470695873.16,506,0,700,11,13.5
1470695873.18,505,0,700,11,13.5
1470695873.2,506,0,700,11,13.5
1470695873.21,506,0,700,11,13.5
1470695873.23,506,0,700,11,13.5
1470695873.24,506,0,700,11,13.5
1470695873.26,506,0,700,11,13.5
1470695873.28,507,0,700,11,13.5
1470695873.29,506,0,700,11,13.5
1470695873.31,505,0,700,11,13.5
1470695873.33,507,0,700,11,13.5
1470695873.34,506,0,700,11,13.5
1470695873.36,506,0,700,11,13.5
1470695873.38,506,0,700,11,13.5
1470695873.39,506,0,700,11,13.5
1470695873.41,506,0,700,11,13.5
1470695873.43,506,0,700,11,13.5
1470695873.44,506,0,700,11,13.5
1470695873.46,506,0,700,11,13.5
1470695873.47,506,0,700,11,13.5
1470695873.49,506,0,700,11,13.5
1470695873.51,506,0,700,11,13.5
1470695873.52,506,0,700,11,13.5
1470695873.54,506,0,700,11,13.5
1470695873.56,506,0,700,11,13.5
1470695873.57,506,0,700,11,13.5
1470695873.59,507,0,700,11,13.5
1470695873.61,507,0,700,11,13.5
1470695873.62,506,0,700,11,13.5
1470695873.64,506,0,700,11,13.5
1470695873.66,506,0,700,11,13.5
1470695873.67,506,0,700,11,13.5
1470695873.69,507,0,700,11,13.5
1470695873.71,506,0,700,11,13.5
1470695873.72,506,0,700,11,13.5
1470695873.74,507,0,700,11,13.5
1470695873.75,506,0,700,11,13.5
1470695873.77,506,0,700,11,13.5
1470695873.79,508,0,700,11,13.5
1470695873.8,506,0,700,11,13.5
1470695873.82,506,0,700,11,13.5
1470695873.84,506,0,700,11,13.5
1470695873.85,506,0,700,11,13.5
1470695873.87,507,0,700,11,13.5
1470695873.89,506,0,700,11,13.5
1470695873.9,506,0,700,11,13.5
1470695873.92,506,0,700,11,13.5
1470695873.94,507,0,700,11,13.5
1470695873.95,506,0,700,11,13.5
1470695873.97,505,0,700,11,13.5
1470695873.98,507,0,700,11,13.5
1470695874.0,506,0,700,11,13.5
1470695874.02,507,0,700,11,13.5
1470695874.03,504,0,700,11,13.5
1470695874.05,501,0,700,11,13.5
1470695874.07,501,0,700,11,13.5
1470695874.08,502,0,700,11,13.5
1470695874.1,501,0,700,11,13.5
1470695874.12,503,0,700,11,13.5
1470695874.13,502,0,700,11,13.5
1470695874.15,503,0,700,11,13.5
1470695874.17,500,0,700,11,13.5
1470695874.18,502,0,700,11,13.5
1470695874.2,502,0,700,11,13.5
1470695874.21,502,0,700,11,13.5
1470695874.23,502,0,700,11,13.5
1470695874.25,502,0,700,11,13.5
1470695874.26,502,0,700,11,13.5
1470695874.28,502,0,700,11,13.5
1470695874.3,503,0,700,11,13.5
1470695874.31,502,0,700,11,13.5
1470695874.33,504,0,700,11,13.5
1470695874.35,503,0,700,11,13.5
1470695874.36,504,0,700,11,13.5
1470695874.38,504,0,700,11,13.5
1470695874.4,503,0,700,11,13.5
1470695874.41,502,0,700,11,13.5
1470695874.43,498,0,700,11,13.5
1470695874.44,503,0,700,11,13.5
1470695874.46,502,0,700,11,13.5
1470695874.48,502,0,700,11,13.5
1470695874.49,502,0,700,11,13.5
1470695874.51,502,0,700,11,13.5
1470695874.53,502,0,700,11,13.5
1470695874.54,501,0,700,11,13.5
1470695874.56,502,0,700,11,13.5
1470695874.58,502,0,700,11,13.5
1470695874.59,498,0,700,11,13.5
1470695874.61,517,0,700,11,13.5
1470695874.63,511,0,700,11,13.5
1470695874.64,503,0,700,11,13.5
1470695874.66,504,0,700,11,13.5
1470695874.67,504,0,700,11,13.5
1470695874.69,504,0,700,11,13.5
1470695874.71,505,0,700,11,13.5
1470695874.72,506,0,700,11,13.5
1470695874.74,505,0,700,11,13.5
1470695874.76,505,0,700,11,13.5
1470695874.77,505,0,700,11,13.5
1470695874.79,505,0,700,11,13.5
1470695874.81,505,0,700,11,13.5
1470695874.82,505,0,700,11,13.5
1470695874.84,505,0,700,11,13.5
1470695874.86,505,0,700,11,13.5
1470695874.87,505,0,700,11,13.5
1470695874.89,505,0,700,11,13.5
1470695874.9,509,0,700,11,13.5
1470695874.92,507,0,700,11,13.5
1470695874.94,505,0,700,11,13.5
1470695874.95,505,0,700,11,13.5
1470695874.97,508,0,700,11,13.5
1470695874.99,507,0,700,11,13.5
1470695875.0,508,0,700,11,13.5
1470695875.02,508,0,700,11,13.5
1470695875.04,508,0,700,11,13.5
1470695875.05,508,0,700,11,13.5
1470695875.07,508,0,700,11,13.5
1470695875.08,507,0,700,11,13.5
1470695875.1,508,0,700,11,13.5
1470695875.12,507,0,700,11,13.5
1470695875.13,507,0,700,11,13.5
1470695875.15,502,0,700,11,13.5
1470695875.17,507,0,700,11,13.5
1470695875.18,505,0,700,11,13.5
1470695875.2,505,0,700,11,13.5
1470695875.22,506,0,700,11,13.5
1470695875.23,506,0,700,11,13.5
1470695875.25,505,0,700,11,13.5
1470695875.27,506,0,700,11,13.5
1470695875.28,508,0,700,11,13.5
1470695875.3,505,0,700,11,13.5
1470695875.31,505,0,700,11,13.5
1470695875.33,506,0,700,11,13.5
1470695875.35,506,0,700,11,13.5
1470695875.36,506,0,700,11,13.5
1470695875.38,506,0,700,11,13.5
1470695875.4,506,0,700,11,13.5
1470695875.41,506,0,700,11,13.5
1470695875.43,505,0,700,11,13.5
1470695875.45,505,0,700,11,13.5
1470695875.46,507,0,700,11,13.5
1470695875.48,505,0,700,11,13.5
1470695875.49,505,0,700,11,13.5
1470695875.51,505,0,700,11,13.5
1470695875.53,506,0,700,11,13.5
1470695875.54,505,0,700,11,13.5
1470695875.56,505,0,700,11,13.5
1470695875.58,505,0,700,11,13.5
1470695875.59,506,0,700,11,13.5
1470695875.61,501,0,700,11,13.5
1470695875.63,519,0,700,11,13.5
1470695875.64,505,0,700,11,13.5
1470695875.66,506,0,700,11,13.5
1470695875.68,506,0,700,11,13.5
1470695875.69,506,0,700,11,13.5
1470695875.71,506,0,700,11,13.5
1470695875.73,506,0,700,11,13.5
1470695875.74,506,0,700,11,13.5
1470695875.76,506,0,700,11,13.5
1470695875.78,506,0,700,11,13.5
1470695875.79,506,0,700,11,13.5
1470695875.81,506,0,700,11,13.5
1470695875.83,506,0,700,11,13.5
1470695875.84,506,0,700,11,13.5
1470695875.86,507,0,700,11,13.5
1470695875.88,507,0,700,11,13.5
1470695875.89,506,0,700,11,13.5
1470695875.91,509,0,700,11,13.5
1470695875.93,508,0,700,11,13.5
1470695875.94,508,0,700,11,13.5
1470695875.96,508,0,700,11,13.5
1470695875.98,508,0,700,11,13.5
1470695875.99,500,0,700,11,13.5
1470695876.01,509,0,700,11,13.5
1470695876.03,507,0,700,11,13.5
1470695876.04,506,0,700,11,13.5
1470695876.06,507,0,700,11,13.5
1470695876.08,507,0,700,11,13.5
1470695876.09,507,0,700,11,13.5
1470695876.11,506,0,700,11,13.5
1470695876.13,509,0,700,11,13.5
1470695876.14,506,0,700,11,13.5
1470695876.16,507,0,700,11,13.5
1470695876.18,507,0,700,11,13.5
1470695876.19,507,0,700,11,13.5
1470695876.21,507,0,700,11,13.5
1470695876.23,507,0,700,11,13.5
1470695876.24,506,0,700,11,13.5
1470695876.26,507,0,700,11,13.5
1470695876.28,507,0,700,11,13.5
1470695876.29,507,0,700,11,13.5
1470695876.31,506,0,700,11,13.5
1470695876.33,506,0,700,11,13.5
1470695876.34,508,0,700,11,13.5
1470695876.36,504,0,700,11,13.5
1470695876.38,513,0,700,11,13.5
1470695876.39,507,0,700,11,13.5
1470695876.41,508,0,700,11,13.5
1470695876.43,508,0,700,11,13.5
1470695876.44,508,0,700,11,13.5
1470695876.46,507,0,700,11,13.5
1470695876.48,507,0,700,11,13.5
1470695876.49,507,0,700,11,13.5
1470695876.51,507,0,700,11,13.5
1470695876.53,507,0,700,11,13.5
1470695876.54,508,0,700,11,13.5
1470695876.56,501,0,700,11,13.5
1470695876.58,508,0,700,11,13.5
1470695876.59,509,0,700,11,13.5
1470695876.61,511,0,700,11,13.5
1470695876.63,508,0,700,11,13.5
1470695876.64,508,0,700,11,13.5
1470695876.66,508,0,700,11,13.5
1470695876.68,508,0,700,11,13.5
1470695876.69,508,0,700,11,13.5
1470695876.71,507,0,700,11,13.5
1470695876.73,508,0,700,11,13.5
1470695876.74,508,0,700,11,13.5
1470695876.76,508,0,700,11,13.5
1470695876.78,511,0,700,11,13.5
1470695876.79,507,0,700,11,13.5
1470695876.81,507,0,700,11,13.5
1470695876.83,507,0,700,11,13.5
1470695876.84,507,0,700,11,13.5
1470695876.86,508,0,700,11,13.5
1470695876.88,508,0,700,11,13.5
1470695876.89,508,0,700,11,13.5
1470695876.91,508,0,700,11,13.5
1470695876.93,508,0,700,11,13.5
1470695876.94,508,0,700,11,13.5
1470695876.96,508,0,700,11,13.5
1470695876.98,508,0,700,11,13.5
1470695876.99,507,0,700,11,13.5
1470695877.01,508,0,700,11,13.5
1470695877.03,508,0,700,11,13.5
1470695877.04,507,0,700,11,13.5
1470695877.06,508,0,700,11,13.5
1470695877.07,508,0,700,11,13.5
1470695877.09,508,0,700,11,13.5
1470695877.11,507,0,700,11,13.5
1470695877.12,507,0,700,11,13.5
1470695877.14,507,0,700,11,13.5
1470695877.16,508,0,700,11,13.5
1470695877.17,508,0,700,11,13.5
1470695877.19,508,0,700,11,13.5
1470695877.21,507,0,700,11,13.5
1470695877.22,508,0,700,11,13.5
1470695877.24,507,0,700,11,13.5
1470695877.26,508,0,700,11,13.5
1470695877.27,509,0,700,11,13.5
1470695877.29,508,0,700,11,13.5
1470695877.31,508,0,700,11,13.5
1470695877.32,508,0,700,11,13.5
1470695877.34,508,0,700,11,13.5
1470695877.36,508,0,700,11,13.5
1470695877.37,508,0,700,11,13.5
1470695877.39,508,0,700,11,13.5
1470695877.41,511,0,700,11,13.5
1470695877.42,508,0,700,11,13.5
1470695877.44,510,0,700,11,13.5
1470695877.46,508,0,700,11,13.5
1470695877.47,509,0,700,11,13.5
1470695877.49,505,0,700,11,13.5
1470695877.51,508,0,700,11,13.5
1470695877.52,508,0,700,11,13.5
1470695877.54,507,0,700,11,13.5
1470695877.56,507,0,700,11,13.5
1470695877.57,507,0,700,11,13.5
1470695877.59,507,0,700,11,13.5
1470695877.61,507,0,700,11,13.5
1470695877.62,507,0,700,11,13.5
1470695877.64,504,0,700,11,13.5
1470695877.66,516,0,700,11,13.5
1470695877.68,502,0,700,11,13.5
1470695877.7,505,0,700,11,13.5
1470695877.71,511,0,700,11,13.5
1470695877.73,510,0,700,11,13.5
1470695877.75,509,0,700,11,13.5
1470695877.76,511,0,700,11,13.5
1470695877.78,510,0,700,11,13.5
1470695877.8,510,0,700,11,13.5
1470695877.81,498,0,700,11,13.5
1470695877.83,512,0,700,11,13.5
1470695877.85,508,0,700,11,13.5
1470695877.86,509,0,700,11,13.5
1470695877.88,508,0,700,11,13.5
1470695877.9,509,0,700,11,13.5
1470695877.91,508,0,700,11,13.5
1470695877.93,511,0,700,11,13.5
1470695877.94,510,0,700,11,13.5
1470695877.96,509,0,700,11,13.5
1470695877.98,508,0,700,11,13.5
1470695877.99,508,0,700,11,13.5
1470695878.01,508,0,700,11,13.5
1470695878.03,508,0,700,11,13.5
1470695878.04,508,0,700,11,13.5
1470695878.06,508,0,700,11,13.5
1470695878.08,508,0,700,11,13.5
1470695878.09,509,0,700,11,13.5
1470695878.11,508,0,700,11,13.5
1470695878.13,508,0,700,11,13.5
1470695878.14,513,0,700,11,13.5
1470695878.16,508,0,700,11,13.5
1470695878.18,508,0,700,11,13.5
1470695878.19,508,0,700,11,13.5
1470695878.21,508,0,700,11,13.5
1470695878.23,509,0,700,11,13.5
1470695878.24,508,0,700,11,13.5
1470695878.26,508,0,700,11,13.5
1470695878.28,509,0,700,11,13.5
1470695878.29,509,0,700,11,13.5
1470695878.31,509,0,700,11,13.5
1470695878.33,508,0,700,11,13.5
1470695878.34,509,0,700,11,13.5
1470695878.36,511,0,700,11,13.5
1470695878.38,509,0,700,11,13.5
1470695878.39,508,0,700,11,13.5
1470695878.41,509,0,700,11,13.5
1470695878.43,509,0,700,11,13.5
1470695878.44,508,0,700,11,13.5
1470695878.46,509,0,700,11,13.5
1470695878.48,508,0,700,11,13.5
1470695878.49,508,0,700,11,13.5
1470695878.51,508,0,700,11,13.5
1470695878.52,508,0,700,11,13.5
1470695878.54,509,0,700,11,13.5
1470695878.56,503,0,700,11,13.5
1470695878.57,505,0,700,11,13.5
1470695878.59,509,0,700,11,13.5
1470695878.61,509,0,700,11,13.5
1470695878.62,508,0,700,11,13.5
1470695878.64,508,0,700,11,13.5
1470695878.66,509,0,700,11,13.5
1470695878.67,508,0,700,11,13.5
1470695878.7,508,0,700,11,13.5
1470695878.71,508,0,700,11,13.5
1470695878.73,508,0,700,11,13.5
1470695878.75,508,0,700,11,13.5
1470695878.76,508,0,700,11,13.5
1470695878.78,509,0,700,11,13.5
1470695878.8,508,0,700,11,13.5
1470695878.81,508,0,700,11,13.5
1470695878.83,508,0,700,11,13.5
1470695878.85,508,0,700,11,13.5
1470695878.86,509,0,700,11,13.5
1470695878.88,508,0,700,11,13.5
1470695878.9,508,0,700,11,13.5
1470695878.91,509,0,700,11,13.5
1470695878.93,509,0,700,11,13.5
1470695878.95,508,0,700,11,13.5
1470695878.96,509,0,700,11,13.5
1470695878.98,508,0,700,11,13.5
1470695879.0,509,0,700,11,13.5
1470695879.01,508,0,700,11,13.5
1470695879.03,508,0,700,11,13.5
1470695879.05,508,0,700,11,13.5
1470695879.06,508,0,700,11,13.5
1470695879.08,508,0,700,11,13.5
1470695879.1,511,0,700,11,13.5
1470695879.11,508,0,700,11,13.5
1470695879.13,508,0,700,11,13.5
1470695879.15,508,0,700,11,13.5
1470695879.16,508,0,700,11,13.5
1470695879.18,508,0,700,11,13.5
1470695879.2,508,0,700,11,13.5
1470695879.21,509,0,700,11,13.5
1470695879.23,508,0,700,11,13.5
1470695879.25,508,0,700,11,13.5
1470695879.26,509,0,700,11,13.5
1470695879.28,508,0,700,11,13.5
1470695879.3,510,0,700,11,13.5
1470695879.31,507,0,700,11,13.5
1470695879.33,508,0,700,11,13.5
1470695879.35,509,0,700,11,13.5
1470695879.36,508,0,700,11,13.5
1470695879.38,508,0,700,11,13.5
1470695879.4,509,0,700,11,13.5
1470695879.41,508,0,700,11,13.5
1470695879.43,509,0,700,11,13.5
1470695879.45,509,0,700,11,13.5
1470695879.46,509,0,700,11,13.5
1470695879.48,509,0,700,11,13.5
1470695879.5,508,0,700,11,13.5
1470695879.51,508,0,700,11,13.5
1470695879.53,509,0,700,11,13.5
1470695879.55,508,0,700,11,13.5
1470695879.56,509,0,700,11,13.5
1470695879.58,508,0,700,11,13.5
1470695879.6,508,0,700,11,13.5
1470695879.61,509,0,700,11,13.5
1470695879.63,508,0,700,11,13.5
1470695879.65,508,0,700,11,13.5
1470695879.66,508,0,700,11,13.5
1470695879.68,508,0,700,11,13.5
1470695879.7,508,0,700,11,13.5
1470695879.71,508,0,700,11,13.5
1470695879.73,508,0,700,11,13.5
1470695879.75,509,0,700,11,13.5
1470695879.76,507,0,700,11,13.5
1470695879.78,509,0,700,11,13.5
1470695879.8,509,0,700,11,13.5
1470695879.81,508,0,700,11,13.5
1470695879.83,508,0,700,11,13.5
1470695879.85,508,0,700,11,13.5
1470695879.86,508,0,700,11,13.5
1470695879.88,508,0,700,11,13.5
1470695879.9,508,0,700,11,13.5
1470695879.91,508,0,700,11,13.5
1470695879.93,508,0,700,11,13.5
1470695879.95,509,0,700,11,13.5
1470695879.96,508,0,700,11,13.5
1470695879.98,508,0,700,11,13.5
1470695879.99,508,0,700,11,13.5
1470695880.01,508,0,700,11,13.5
1470695880.03,508,0,700,11,13.5
1470695880.04,508,0,700,11,13.5
1470695880.06,509,0,700,11,13.5
1470695880.08,509,0,700,11,13.5
1470695880.09,508,0,700,11,13.5
1470695880.11,508,0,700,11,13.5
1470695880.13,508,0,700,11,13.5
1470695880.15,508,0,700,11,13.5
1470695880.16,509,0,700,11,13.5
1470695880.18,508,0,700,11,13.5
1470695880.2,508,0,700,11,13.5
1470695880.21,511,0,700,11,13.5
1470695880.23,508,0,700,11,13.5
1470695880.25,508,0,700,11,13.5
1470695880.26,508,0,700,11,13.5
1470695880.28,508,0,700,11,13.5
1470695880.3,508,0,700,11,13.5
1470695880.31,509,0,700,11,13.5
1470695880.33,508,0,700,11,13.5
1470695880.35,508,0,700,11,13.5
1470695880.36,508,0,700,11,13.5
1470695880.38,508,0,700,11,13.5
1470695880.4,508,0,700,11,13.5
1470695880.41,507,0,700,11,13.5
1470695880.43,507,0,700,11,13.5
1470695880.45,508,0,700,11,13.5
1470695880.46,508,0,700,11,13.5
1470695880.48,508,0,700,11,13.5
1470695880.49,508,0,700,11,13.5
1470695880.51,509,0,700,11,13.5
1470695880.53,508,0,700,11,13.5
1470695880.54,509,0,700,11,13.5
1470695880.56,509,0,700,11,13.5
1470695880.58,508,0,700,11,13.5
1470695880.59,508,0,700,11,13.5
1470695880.61,508,0,700,11,13.5
1470695880.63,511,0,700,11,13.5
1470695880.64,508,0,700,11,13.5
1470695880.66,508,0,700,11,13.5
1470695880.68,508,0,700,11,13.5
1470695880.69,508,0,700,11,13.5
1470695880.71,509,0,700,11,13.5
1470695880.73,508,0,700,11,13.5
1470695880.74,508,0,700,11,13.5
1470695880.76,508,0,700,11,13.5
1470695880.78,508,0,700,11,13.5
1470695880.79,508,0,700,11,13.5
1470695880.81,509,0,700,11,13.5
1470695880.83,508,0,700,11,13.5
1470695880.84,512,0,700,11,13.5
1470695880.86,511,0,700,11,13.5
1470695880.88,509,0,700,11,13.5
1470695880.89,508,0,700,11,13.5
1470695880.91,508,0,700,11,13.5
1470695880.93,508,0,700,11,13.5
1470695880.94,508,0,700,11,13.5
1470695880.96,509,0,700,11,13.5
1470695880.98,509,0,700,11,13.5
1470695880.99,508,0,700,11,13.5
1470695881.01,508,0,700,11,13.5
1470695881.03,508,0,700,11,13.5
1470695881.04,508,0,700,11,13.5
1470695881.06,509,0,700,11,13.5
1470695881.08,504,0,700,11,13.5
1470695881.09,506,0,700,11,13.5
1470695881.11,508,0,700,11,13.5
1470695881.13,509,0,700,11,13.5
1470695881.14,508,0,700,11,13.5
1470695881.16,509,0,700,11,13.5
1470695881.18,508,0,700,11,13.5
1470695881.19,508,0,700,11,13.5
1470695881.21,509,0,700,11,13.5
1470695881.23,508,0,700,11,13.5
1470695881.24,508,0,700,11,13.5
1470695881.26,508,0,700,11,13.5
1470695881.28,508,0,700,11,13.5
1470695881.29,508,0,700,11,13.5
1470695881.31,509,0,700,11,13.5
1470695881.33,509,0,700,11,13.5
1470695881.34,508,0,700,11,13.5
1470695881.36,508,0,700,11,13.5
1470695881.38,509,0,700,11,13.5
1470695881.39,508,0,700,11,13.5
1470695881.41,508,0,700,11,13.5
1470695881.43,508,0,700,11,13.5
1470695881.44,508,0,700,11,13.5
1470695881.46,509,0,700,11,13.5
1470695881.48,508,0,700,11,13.5
1470695881.49,509,0,700,11,13.5
1470695881.51,508,0,700,11,13.5
1470695881.53,511,0,700,11,13.5
1470695881.54,508,0,700,11,13.5
1470695881.56,509,0,700,11,13.5
1470695881.58,509,0,700,11,13.5
1470695881.59,509,0,700,11,13.5
1470695881.61,508,0,700,11,13.5
1470695881.63,509,0,700,11,13.5
1470695881.64,508,0,700,11,13.5
1470695881.66,509,0,700,11,13.5
1470695881.68,508,0,700,11,13.5
1470695881.69,509,0,700,11,13.5
1470695881.71,508,0,700,11,13.5
1470695881.73,509,0,700,11,13.5
1470695881.74,511,0,700,11,13.5
1470695881.76,510,0,700,11,13.5
1470695881.78,508,0,700,11,13.5
1470695881.79,508,0,700,11,13.5
1470695881.81,509,0,700,11,13.5
1470695881.83,509,0,700,11,13.5
1470695881.84,509,0,700,11,13.5
1470695881.86,508,0,700,11,13.5
1470695881.88,508,0,700,11,13.5
1470695881.89,508,0,700,11,13.5
1470695881.91,509,0,700,11,13.5
1470695881.93,509,0,700,11,13.5
1470695881.94,508,0,700,11,13.5
1470695881.96,508,0,700,11,13.5
1470695881.98,508,0,700,11,13.5
1470695881.99,509,0,700,11,13.5
1470695882.01,508,0,700,11,13.5
1470695882.03,509,0,700,11,13.5
1470695882.04,508,0,700,11,13.5
1470695882.06,509,0,700,11,13.5
1470695882.08,508,0,700,11,13.5
1470695882.09,508,0,700,11,13.5
1470695882.11,508,0,700,11,13.5
1470695882.13,508,0,700,11,13.5
1470695882.14,509,0,700,11,13.5
1470695882.16,508,0,700,11,13.5
1470695882.18,501,0,700,11,13.5
1470695882.19,505,0,700,11,13.5
1470695882.21,508,0,700,11,13.5
1470695882.23,508,0,700,11,13.5
1470695882.24,509,0,700,11,13.5
1470695882.26,508,0,700,11,13.5
1470695882.28,508,0,700,11,13.5
1470695882.29,509,0,700,11,13.5
1470695882.31,508,0,700,11,13.5
1470695882.33,508,0,700,11,13.5
1470695882.34,509,0,700,11,13.5
1470695882.36,508,0,700,11,13.5
1470695882.38,509,0,700,11,13.5
1470695882.39,503,0,700,11,13.5
1470695882.41,504,0,700,11,13.5
1470695882.43,508,0,700,11,13.5
1470695882.44,509,0,700,11,13.5
1470695882.46,508,0,700,11,13.5
1470695882.47,509,0,700,11,13.5
1470695882.49,508,0,700,11,13.5
1470695882.51,508,0,700,11,13.5
1470695882.52,508,0,700,11,13.5
1470695882.54,509,0,700,11,13.5
1470695882.56,508,0,700,11,13.5
1470695882.57,509,0,700,11,13.5
1470695882.59,508,0,700,11,13.5
1470695882.61,511,0,700,11,13.5
1470695882.62,509,0,700,11,13.5
1470695882.64,508,0,700,11,13.5
1470695882.66,508,0,700,11,13.5
1470695882.67,508,0,700,11,13.5
1470695882.69,508,0,700,11,13.5
1470695882.71,508,0,700,11,13.5
1470695882.72,508,0,700,11,13.5
1470695882.74,509,0,700,11,13.5
1470695882.76,509,0,700,11,13.5
1470695882.77,508,0,700,11,13.5
1470695882.79,509,0,700,11,13.5
1470695882.81,509,0,700,11,13.5
1470695882.82,509,0,700,11,13.5
1470695882.84,511,0,700,11,13.5
1470695882.86,508,0,700,11,13.5
1470695882.87,508,0,700,11,13.5
1470695882.89,508,0,700,11,13.5
1470695882.91,508,0,700,11,13.5
1470695882.92,508,0,700,11,13.5
1470695882.94,509,0,700,11,13.5
1470695882.96,508,0,700,11,13.5
1470695882.97,508,0,700,11,13.5
1470695882.99,508,0,700,11,13.5
1470695883.01,508,0,700,11,13.5
1470695883.02,509,0,700,11,13.5
1470695883.04,508,0,700,11,13.5
1470695883.06,507,0,700,11,13.5
1470695883.07,509,0,700,11,13.5
1470695883.09,509,0,700,11,13.5
1470695883.11,508,0,700,11,13.5
1470695883.12,508,0,700,11,13.5
1470695883.14,508,0,700,11,13.5
1470695883.16,508,0,700,11,13.5
1470695883.17,509,0,700,11,13.5
1470695883.19,508,0,700,11,13.5
1470695883.21,508,0,700,11,13.5
1470695883.22,508,0,700,11,13.5
1470695883.24,509,0,700,11,13.5
1470695883.26,509,0,700,11,13.5
1470695883.27,508,0,700,11,13.5
1470695883.29,509,0,700,11,13.5
1470695883.31,509,0,700,11,13.5
1470695883.32,508,0,700,11,13.5
1470695883.34,508,0,700,11,13.5
1470695883.36,509,0,700,11,13.5
1470695883.38,509,0,700,11,13.5
1470695883.39,508,0,700,11,13.5
1470695883.41,508,0,700,11,13.5
1470695883.43,509,0,700,11,13.5
1470695883.44,508,0,700,11,13.5
1470695883.46,508,0,700,11,13.5
1470695883.48,509,0,700,11,13.5
1470695883.49,508,0,700,11,13.5
1470695883.51,508,0,700,11,13.5
1470695883.53,509,0,700,11,13.5
1470695883.54,509,0,700,11,13.5
1470695883.56,508,0,700,11,13.5
1470695883.58,508,0,700,11,13.5
1470695883.59,509,0,700,11,13.5
1470695883.61,509,0,700,11,13.5
1470695883.62,508,0,700,11,13.5
1470695883.64,508,0,700,11,13.5
1470695883.66,508,0,700,11,13.5
1470695883.67,508,0,700,11,13.5
1470695883.69,508,0,700,11,13.5
1470695883.71,509,0,700,11,13.5
1470695883.72,508,0,700,11,13.5
1470695883.74,513,0,700,11,13.5
1470695883.76,508,0,700,11,13.5
1470695883.77,508,0,700,11,13.5
1470695883.79,508,0,700,11,13.5
1470695883.81,508,0,700,11,13.5
1470695883.82,508,0,700,11,13.5
1470695883.84,508,0,700,11,13.5
1470695883.86,508,0,700,11,13.5
1470695883.87,509,0,700,11,13.5
1470695883.89,508,0,700,11,13.5
1470695883.91,508,0,700,11,13.5
1470695883.92,508,0,700,11,13.5
1470695883.94,508,0,700,11,13.5
1470695883.96,509,0,700,11,13.5
1470695883.98,509,0,700,11,13.5
1470695883.99,509,0,700,11,13.5
1470695884.01,508,0,700,11,13.5
1470695884.03,509,0,700,11,13.5
1470695884.04,509,0,700,11,13.5
1470695884.06,509,0,700,11,13.5
1470695884.08,509,0,700,11,13.5
1470695884.09,509,0,700,11,13.5
1470695884.11,508,0,700,11,13.5
1470695884.13,508,0,700,11,13.5
1470695884.14,508,0,700,11,13.5
1470695884.16,508,0,700,11,13.5
1470695884.18,509,0,700,11,13.5
1470695884.19,508,0,700,11,13.5
1470695884.21,506,0,700,11,13.5
1470695884.23,506,0,700,11,13.5
1470695884.24,508,0,700,11,13.5
1470695884.26,509,0,700,11,13.5
1470695884.28,508,0,700,11,13.5
1470695884.29,508,0,700,11,13.5
1470695884.31,508,0,700,11,13.5
1470695884.33,509,0,700,11,13.5
1470695884.34,509,0,700,11,13.5
1470695884.36,508,0,700,11,13.5
1470695884.38,509,0,700,11,13.5
1470695884.39,508,0,700,11,13.5
1470695884.41,508,0,700,11,13.5
1470695884.43,509,0,700,11,13.5
1470695884.44,500,0,700,11,13.5
1470695884.46,508,0,700,11,13.5
1470695884.48,508,0,700,11,13.5
1470695884.49,508,0,700,11,13.5
1470695884.51,508,0,700,11,13.5
1470695884.53,508,0,700,11,13.5
1470695884.54,508,0,700,11,13.5
1470695884.56,508,0,700,11,13.5
1470695884.58,509,0,700,11,13.5
1470695884.59,508,0,700,11,13.5
1470695884.61,509,0,700,11,13.5
1470695884.63,509,0,700,11,13.5
1470695884.64,509,0,700,11,13.5
1470695884.66,508,0,700,11,13.5
1470695884.68,511,0,700,11,13.5
1470695884.69,509,0,700,11,13.5
1470695884.71,508,0,700,11,13.5
1470695884.73,508,0,700,11,13.5
1470695884.74,508,0,700,11,13.5
1470695884.76,508,0,700,11,13.5
1470695884.78,509,0,700,11,13.5
1470695884.79,509,0,700,11,13.5
1470695884.81,509,0,700,11,13.5
1470695884.83,508,0,700,11,13.5
1470695884.84,508,0,700,11,13.5
1470695884.86,508,0,700,11,13.5
1470695884.88,508,0,700,11,13.5
1470695884.89,510,0,700,11,13.5
1470695884.91,511,0,700,11,13.5
1470695884.93,508,0,700,11,13.5
1470695884.94,508,0,700,11,13.5
1470695884.96,508,0,700,11,13.5
1470695884.98,508,0,700,11,13.5
1470695884.99,509,0,700,11,13.5
1470695885.01,508,0,700,11,13.5
1470695885.03,508,0,700,11,13.5
